,paperId,title,isOpenAccess,openAccessPdf,authors
0,240c60e162098fa2bd7d235b656756e923582673,Naive Algorithmic Collusion: When Do Bandit Learners Cooperate and When Do They Compete?,False,,"[{'authorId': '2331500562', 'name': 'Connor Douglas'}, {'authorId': '2331499466', 'name': 'Foster Provost'}, {'authorId': '2331499110', 'name': 'Arun Sundarajan'}]"
1,7d38f82b2fd9fe605ca0bd4b27c72ab104544d9e,AI in business research,False,,"[{'authorId': '2202619399', 'name': 'Zhi Cao'}, {'authorId': '2312059977', 'name': 'Meng Li'}, {'authorId': '2274259058', 'name': 'Paul A. Pavlou'}]"
2,5ba07288065f18d991a17d3bb0a8aa29c6c49215,Market transparency and consumer search—Evidence from the German retail gasoline market,True,,"[{'authorId': '2330152558', 'name': 'Simon Martin'}]"
3,1de8689fb41d0535ace3a1dd8adbfc6d203a94d8,"Learning Collusion in Episodic, Inventory-Constrained Markets",False,,"[{'authorId': '2327338967', 'name': 'Paul Friedrich'}, {'authorId': '2220832516', 'name': ""Barna P'asztor""}, {'authorId': '144763838', 'name': 'Giorgia Ramponi'}]"
4,28d718eed9c1e54a198fa560130b4164036b8492,"The Influence of Generative AI on Content Platforms: Supply, Demand, and Welfare Impacts in Two-Sided Markets",False,,"[{'authorId': '2326322620', 'name': 'Yukun Zhang'}]"
5,9257064c33903dfd7eff36dd04e56e0768034882,"Generative Artificial Intelligence, Content Creation, and Platforms",False,,"[{'authorId': '1688646', 'name': 'Evangelos Katsamakas'}, {'authorId': '1410965212', 'name': 'J. Sánchez-Cartas'}]"
6,f10a16b7823096ff1f5d60bd999a8b5f8719513b,The effect of demand variability on the adoption and design of a third party’s pricing algorithm,False,,"[{'authorId': '2325636547', 'name': 'Joseph E. Harrington'}]"
7,49986dd3537cb90fbce6bcf53e8c887a41d30fa7,Strategic Collusion of LLM Agents: Market Division in Multi-Commodity Competitions,False,,"[{'authorId': '2324083382', 'name': 'Ryan Y. Lin'}, {'authorId': '2323740375', 'name': 'Siddhartha Ojha'}, {'authorId': '2323750779', 'name': 'Kevin Cai'}, {'authorId': '2323774579', 'name': 'Maxwell F. Chen'}]"
8,e3c2d8bbbe6c55b5b51c67cbe4fa56df85a30a12,"Price Monitoring, or Where Surveillance Studies Meets the Sociology of Price Formation",True,,"[{'authorId': '2320262485', 'name': 'Aaron Shapiro'}]"
9,5cc3a9422c6aef662916f726e73531f6b9c34824,Algorithmic Collusion Without Threats,False,,"[{'authorId': '35314016', 'name': 'Eshwar Ram Arunachaleswaran'}, {'authorId': '1805946234', 'name': 'Natalie Collina'}, {'authorId': '2256987907', 'name': 'Sampath Kannan'}, {'authorId': '2256992132', 'name': 'Aaron Roth'}, {'authorId': '2165907', 'name': 'Juba Ziani'}]"
10,9f8b5946a3789368059b0431f66c5235c57139d9,On Mechanism Underlying Algorithmic Collusion,False,,"[{'authorId': '2290856623', 'name': 'Zhang Xu'}, {'authorId': '2290815945', 'name': 'Wei Zhao'}]"
11,27af0a53dbe7c7a0a76e2638f3ea98a8b806dc14,Algorithms in the Marketplace: An Empirical Analysis of Automated Pricing in E-Commerce,False,,"[{'authorId': '95493600', 'name': 'P. Hanspach'}, {'authorId': '52188733', 'name': 'Geza Sapi'}, {'authorId': '2042600879', 'name': 'Marcel Wieting'}]"
12,597798a47dd21ad6e6c5aa24a2167915bd49b3c7,Personalized Pricing Decisions Through Adversarial Risk Analysis,False,,"[{'authorId': '35272646', 'name': 'D. G. Rasines'}, {'authorId': '51166540', 'name': 'Roi Naveiro'}, {'authorId': '2286296010', 'name': ""David R'ios Insua""}, {'authorId': '2319418404', 'name': ""Sim'on Rodr'iguez Santana""}]"
13,e3060c8f6faf54a7da3682eb5578d5dcb6d996d0,Dollars and Sense: Exposing Unfair Pricing*,False,,"[{'authorId': '2317463163', 'name': 'David P. Byrne'}]"
14,efcec76bd53f38b3c7c380644e052cd63448d52f,Enhancing resource allocation efficiency: The impact of servitization in China's manufacturing sector,False,,"[{'authorId': '2312251797', 'name': 'Minzheng Liu'}, {'authorId': '2312249277', 'name': 'Deya Hua'}]"
15,d1e51e3c8e7f86cb067479ffbe52a8bc0646acf4,Artificial intelligence and financial crises,False,,"[{'authorId': '2258961008', 'name': 'Jon Danielsson'}, {'authorId': '122995304', 'name': 'A. Uthemann'}]"
16,4aa6182f83f9eeb5cd6c46e11814b889788b4d1e,Maximizing utility in multi-agent environments by anticipating the behavior of other learners,False,,"[{'authorId': '90070584', 'name': 'A. Assos'}, {'authorId': '46716149', 'name': 'Y. Dagan'}, {'authorId': '2257292502', 'name': 'Constantinos Daskalakis'}]"
17,0e928780ffeaffba7fa7ef1a768b3968263e8419,Artificial Intelligence and Algorithmic Price Collusion in Two-sided Markets,False,,"[{'authorId': '2310240265', 'name': 'Cristian Chica'}, {'authorId': '2284730706', 'name': 'Yinglong Guo'}, {'authorId': '1919996', 'name': 'Gilad Lerman'}]"
18,144131b13fc6b9d8e7aa59d39911f36b57ca0f3e,Algorithmic Collusion And The Minimum Price Markov Game,False,,"[{'authorId': '2179106430', 'name': 'Igor Sadoune'}, {'authorId': '2094126077', 'name': 'Marcelin Joanis'}, {'authorId': '2310243744', 'name': 'Andrea Lodi'}]"
19,8fc77a8544d27c274c2e8518f6a5f2489be7dcfa,Potential AI-Driven Algorithmic Collusion and Influential Factors in Construction Bidding,False,,"[{'authorId': '2290226919', 'name': 'Chan Heo'}, {'authorId': '2282918029', 'name': 'Moonseo Park'}, {'authorId': '2239287281', 'name': 'Changbum R. Ahn'}]"
20,6e3d81ed6cfb7c8d0734d272370fbb1c7a332082,Dynamic Price Competition with Capacity Constraints,False,,"[{'authorId': '2311553153', 'name': 'Jose Betancourt'}, {'authorId': '2097768', 'name': 'Ali Hortaçsu'}, {'authorId': '2117410652', 'name': 'Aniko Öry'}, {'authorId': '2311610892', 'name': 'Kevin Williams'}]"
21,4b271d4ab0ee1bc06daf59e6884f184d8dc0ab16,Algorithmic Collusion in Dynamic Pricing with Deep Reinforcement Learning,False,,"[{'authorId': '2304714923', 'name': 'Shidi Deng'}, {'authorId': '2304553175', 'name': 'Maximilian Schiffer'}, {'authorId': '2304553585', 'name': 'Martin Bichler'}]"
22,a20b3a853b20819f107887a8d0d4a4dabdd55c07,By Fair Means or Foul: Quantifying Collusion in a Market Simulation with Deep Reinforcement Learning,False,,"[{'authorId': '1835282080', 'name': 'Michael Schlechtinger'}, {'authorId': '2117589477', 'name': 'Damaris Kosack'}, {'authorId': '2265762816', 'name': 'Franz Krause'}, {'authorId': '2265761120', 'name': 'Heiko Paulheim'}]"
23,a800622dd7bf4494297e1d28c2dba26444a6d827,"Algorithmic Pricing: Implications for Consumers, Managers, and Regulators",True,"{'url': 'https://doi.org/10.3386/w32540', 'status': None}","[{'authorId': '2270952884', 'name': 'Martin Spann'}, {'authorId': '2305702067', 'name': 'Marco Bertini'}, {'authorId': '2161511', 'name': 'Oded Koenigsberg'}, {'authorId': '2481188', 'name': 'Robert Zeithammer'}, {'authorId': '2305705993', 'name': 'Diego Aparicio'}, {'authorId': '2305679211', 'name': 'Yuxin Chen'}, {'authorId': '2305702559', 'name': 'Fabrizio Fantini'}, {'authorId': '2266585653', 'name': 'Ginger Zhe Jin'}, {'authorId': '2305706722', 'name': 'Vicki Morwitz'}, {'authorId': '2269037462', 'name': 'Peter Popkowski Leszczyc'}, {'authorId': '2052845', 'name': 'Maria Ana Vitorino'}, {'authorId': '2307759194', 'name': 'Gizem Yalcin Williams'}, {'authorId': '2305709701', 'name': 'Hyesung Yoo'}]"
24,aa443bc884399a1df096dcbf1bcae71ff63f6995,Collusion by mistake: Does algorithmic sophistication drive supra-competitive profits?,True,,"[{'authorId': '22483628', 'name': 'I. Abada'}, {'authorId': '2307970046', 'name': 'Xavier Lambin'}, {'authorId': '2164528683', 'name': 'Nikolay Tchakarov'}]"
25,bd63a64e0b788593495ca973e0738985df6de58a,No Algorithmic Collusion in Two-Player Blindfolded Game with Thompson Sampling,False,,"[{'authorId': '2303919390', 'name': 'Ningyuan Chen'}, {'authorId': '2303621721', 'name': 'Xuefeng Gao'}, {'authorId': '2112720838', 'name': 'Yi Xiong'}]"
26,a03583e780c73f28e402b5c9edc1593ed23394cd,Algorithmic collusion in a two-sided market: A rideshare example,False,,"[{'authorId': '2216225332', 'name': 'Pravesh Koirala'}, {'authorId': '2268759806', 'name': 'Forrest Laine'}]"
27,9d59fe87afed5f7f62c2dd1ac4a5dade318c7898,Simulating the economic impact of rationality through reinforcement learning and agent-based modelling,True,"{'url': 'https://dl.acm.org/doi/pdf/10.1145/3677052.3698621', 'status': None}","[{'authorId': '2299942368', 'name': 'Simone Brusatin'}, {'authorId': '2299943391', 'name': 'Tommaso Padoan'}, {'authorId': '2299942013', 'name': 'Andrea Coletta'}, {'authorId': '2299943429', 'name': 'Domenico Delli Gatti'}, {'authorId': '2299941693', 'name': 'Aldo Glielmo'}]"
28,994e18482d4db3b21a8e13923aa038851464e3b0,The Use of AI in Personalized Marketing: Balancing Benefits and Privacy Concerns,False,,"[{'authorId': '2299961397', 'name': 'Mandeep Yadav'}, {'authorId': '2300046034', 'name': 'Amitesh Kumar'}, {'authorId': '2300024491', 'name': 'Rachit Jha'}]"
29,d5d0da4820afd07ed0ed47757bc92604a491674b,Strategic Responses to Algorithmic Recommendations: Evidence from Hotel Pricing,True,"{'url': 'https://www.econstor.eu/bitstream/10419/282537/1/cesifo1_wp10849.pdf', 'status': None}","[{'authorId': '2282922733', 'name': 'Daniel Garcia'}, {'authorId': '41215223', 'name': 'Juha Tolvanen'}, {'authorId': '2282694994', 'name': 'Alexander K. Wagner'}]"
30,91d8b77c99ac13c8d5476e5b12956b91c86af97e,Consumer Behavior under Benevolent Price Discrimination,False,,"[{'authorId': '2294874187', 'name': 'Alexander Erlei'}, {'authorId': '8037229', 'name': 'Mattheus Brenig'}, {'authorId': '2294874532', 'name': 'Nils Engelbrecht'}]"
31,3313aa8050715e89ce99a5aca05076ebc5232f99,Algorithmic Collusion by Large Language Models,False,,"[{'authorId': '2284691545', 'name': 'Sara Fish'}, {'authorId': '1708772', 'name': 'Yannai A. Gonczarowski'}, {'authorId': '2953097', 'name': 'Ran I. Shorrer'}]"
32,4e271afe3784b0c4c6ef6c1816711c8193dfe789,Strategizing Against Q-Learners: A Control-Theoretical Approach,False,,"[{'authorId': '2264980016', 'name': 'Yuksel Arslantas'}, {'authorId': '2264971690', 'name': 'Ege Yuceel'}, {'authorId': '2282534146', 'name': 'Muhammed O. Sayin'}]"
33,e76e86d95678b45200a54bac308da16f78be0736,Collusive Outcomes Without Collusion: Algorithmic Pricing in a Duopoly Model,False,,"[{'authorId': '2290922172', 'name': 'Inkoo Cho'}, {'authorId': '2290922028', 'name': 'Noah Williams'}]"
34,93cb063aa4f5e699708e39426f0fb1137cfd82f7,Algorithmic Collusion and Price Discrimination: The Over-Usage of Data,True,"{'url': 'https://arxiv.org/pdf/2403.06150', 'status': None}","[{'authorId': '2290856623', 'name': 'Zhang Xu'}, {'authorId': '2290862483', 'name': 'Mingsheng Zhang'}, {'authorId': '2290815945', 'name': 'Wei Zhao'}]"
35,91190a3cfd1ce67d1fb07d1ae05b35c65621b93a,Reinforcement learning in a prisoner's dilemma,False,,"[{'authorId': '2280524656', 'name': 'Arthur Dolgopolov'}]"
36,a8cf45a22e2be50e2fcac4b4acfd7006faeac8f7,Strategic Bidding in Knapsack Auctions,False,,"[{'authorId': '66598221', 'name': 'Peyman Khezr'}, {'authorId': '2290760867', 'name': 'Vijay Mohan'}, {'authorId': '2291067833', 'name': 'Lionel Page'}]"
37,a6afb99d52cb7442c1154c3d2c79b5d1956f841a,On algorithmic collusion and reward-punishment schemes,True,,"[{'authorId': '2186668970', 'name': 'Andréa Epivent'}, {'authorId': '2307970046', 'name': 'Xavier Lambin'}]"
38,ea411ce05edd9725734686dcb1af90a7234e9c0d,Does Urban Digital Construction Promote Economic Growth? Evidence from China,True,"{'url': 'https://www.mdpi.com/2227-7099/12/3/59/pdf?version=1709371145', 'status': None}","[{'authorId': '2244602063', 'name': 'Weixin Yang'}, {'authorId': '2289528841', 'name': 'Chen Zhu'}, {'authorId': '153690139', 'name': 'Yunpeng Yang'}]"
39,278f3b666c4e09210b13a45d6d34d2fffc44a6d2,AI pricing algorithms under platform competition,True,"{'url': 'https://link.springer.com/content/pdf/10.1007/s10660-024-09821-w.pdf', 'status': None}","[{'authorId': '1410965212', 'name': 'J. Sánchez-Cartas'}, {'authorId': '1688646', 'name': 'Evangelos Katsamakas'}]"
40,d2edac4db0f4a61f2d3b2f649dbbae8af6f37a56,Human-machine social systems,False,,"[{'authorId': '2265650720', 'name': 'Milena Tsvetkova'}, {'authorId': '1985987', 'name': 'T. Yasseri'}, {'authorId': '6050548', 'name': 'N. Pescetelli'}, {'authorId': '2284985532', 'name': 'Tobias Werner'}]"
41,8e224d662e50e2950026664c03f11896ba851508,The Business Revolution: Economy-Wide Impacts of Artificial Intelligence and Digital Platforms,False,,"[{'authorId': '2275668658', 'name': 'Hanna Halaburda'}, {'authorId': '2275682252', 'name': 'Jeffrey Prince'}, {'authorId': '146479782', 'name': 'D. Daniel Sokol'}, {'authorId': '2276323036', 'name': 'Feng Zhu'}]"
42,11d4478587c4d2ecb195fe911809946928767657,Shall We Team Up: Exploring Spontaneous Cooperation of Competing LLM Agents,False,,"[{'authorId': '2157765133', 'name': 'Zengqing Wu'}, {'authorId': '2266391200', 'name': 'Run Peng'}, {'authorId': '2266803478', 'name': 'Shuyuan Zheng'}, {'authorId': '2284725320', 'name': 'Qianying Liu'}, {'authorId': '2233049793', 'name': 'Xu Han'}, {'authorId': '2284685881', 'name': 'Brian Inhyuk Kwon'}, {'authorId': '2266396584', 'name': 'Makoto Onizuka'}, {'authorId': '2284760425', 'name': 'Shaojie Tang'}, {'authorId': '2284717877', 'name': 'Chuan Xiao'}]"
43,4cd4ce2beac03149ebd7e782be2428da5d974f39,Societal Implications of Personalized Pricing in Online Grocery Shopping,True,"{'url': 'https://link.springer.com/content/pdf/10.1007/s41055-024-00142-0.pdf', 'status': None}","[{'authorId': '2284451773', 'name': 'Jinho Jung'}, {'authorId': '8168796', 'name': 'N. Widmar'}, {'authorId': '2955763', 'name': 'J. Lusk'}]"
44,5c430e2ac5da64e410f6e7c7ef775c47916fe74c,Secret Collusion Among Generative AI Agents,False,,"[{'authorId': '2247588788', 'name': 'S. Motwani'}, {'authorId': '2283847595', 'name': 'Mikhail Baranchuk'}, {'authorId': '2290072234', 'name': 'Martin Strohmeier'}, {'authorId': '2218882489', 'name': 'Vijay Bolina'}, {'authorId': '143635540', 'name': 'Philip H. S. Torr'}, {'authorId': '2283850960', 'name': 'Lewis Hammond'}, {'authorId': '47542438', 'name': 'C. S. D. Witt'}]"
45,a6b18433d0cdd796def4407b4706bb574f3660aa,Behavior-Based Algorithmic Pricing,True,,"[{'authorId': '2260689555', 'name': 'Antoine Dubus'}]"
46,ce7cec276104e402f64263ae1009b9d2d3e19f28,Regulation of Algorithmic Collusion,True,"{'url': 'https://dl.acm.org/doi/pdf/10.1145/3614407.3643706', 'status': None}","[{'authorId': '2346641', 'name': 'Jason D. Hartline'}, {'authorId': '2281741318', 'name': 'Sheng Long'}, {'authorId': '2281788943', 'name': 'Chenhao Zhang'}]"
47,a062b329f668b371bfcb089674b01b47cf15bbfd,Tacit algorithmic collusion in deep reinforcement learning guided price competition: A study using EV charge pricing game,False,,"[{'authorId': '2122949818', 'name': 'Diwas Paudel'}, {'authorId': '2243111250', 'name': 'Tapas K. Das'}]"
48,977db8e5fa7eeeccb86db582d7e728ce1e72206d,Uncovering Potential Collusive Behavior of AI Bidders in Future Construction Bidding Market,False,,"[{'authorId': '2290226919', 'name': 'Chan Heo'}, {'authorId': '2282918029', 'name': 'Moonseo Park'}, {'authorId': '2239287281', 'name': 'Changbum R. Ahn'}]"
49,bae876f572a890152ce351cbe5692a3c47f33764,Research on Used Car Price Prediction Based on Topological Data Analysis and Attention Convolutional Neural Networks,False,,"[{'authorId': '2313353143', 'name': 'Ying Tang'}, {'authorId': '2284280772', 'name': 'Yuanyan Tan'}]"
50,5ef5ae3964226ac184c9ea7d3388909e0939faed,Multi-Platform dynamic game and operation of hybrid Bike-Sharing systems based on reinforcement learning,True,,"[{'authorId': '2269865836', 'name': 'Ziyi Shi'}, {'authorId': '2158142866', 'name': 'Meng Xu'}, {'authorId': '2272044241', 'name': 'Yancun Song'}, {'authorId': '2165324719', 'name': 'Zheng Zhu'}]"
51,e8a0197dc3aacb58d101585c99e967abd7ffb47f,Fintech development and corporate credit risk: Evidence from an emerging market,False,,"[{'authorId': '2281259560', 'name': 'Changchun Tan'}, {'authorId': '2280576840', 'name': 'Lingyu Mo'}, {'authorId': '2280595057', 'name': 'Xiaomeng Wu'}, {'authorId': '2280991097', 'name': 'Peng Zhou'}]"
52,e3dab11025fa798072591b5a8a4e194bc67ad25b,Design of Data Comparison System for Art Works Based on Intelligent Algorithms,False,,"[{'authorId': '2282136357', 'name': 'Yunxia Han'}]"
53,93c34722200da81bb59eeb209db2d6f8178ed3dc,Q-learners Can Provably Collude in the Iterated Prisoner's Dilemma,False,,"[{'authorId': '2249757559', 'name': 'Quentin Bertrand'}, {'authorId': '2274107882', 'name': 'Juan Duque'}, {'authorId': '41048467', 'name': 'Emilio Calvano'}, {'authorId': '8150760', 'name': 'Gauthier Gidel'}]"
54,9f4c373203f293e51511026a896ce23931c1043a,Memory-based involution dilemma on square lattices,False,,"[{'authorId': '2273916367', 'name': 'Chaochao Huang'}, {'authorId': '2273763318', 'name': 'Chaoqian Wang'}]"
55,19eb91242ea31e01ed9be4844c5ff989de84bd16,"Demand forecasting, signal precision, and collusion with hidden actions",False,,"[{'authorId': '2275542293', 'name': 'Simon Martin'}, {'authorId': '2275001515', 'name': 'Alexander Rasch'}]"
56,96930cc9825a02b65111e03ab07d95ac64113614,Deciphering Algorithmic Collusion: Insights from Bandit Algorithms and Implications for Antitrust Enforcement,True,"{'url': 'https://www.cirano.qc.ca/files/publications/2023s-26.pdf', 'status': None}","[{'authorId': '2276112160', 'name': 'Frédéric Marty'}, {'authorId': '2276110117', 'name': 'Thierry Warin'}]"
57,5ec3ad9e19e1bb1b366f5bd4275f56adcd78e951,Revenue in First- and Second-Price Display Advertising Auctions: Understanding Markets with Learning Agents,False,,"[{'authorId': '2268408747', 'name': 'Martin Bichler'}, {'authorId': '2269414315', 'name': 'Alok Gupta'}, {'authorId': '2180164801', 'name': 'Matthias Oberlechner'}]"
58,808b0923be5cfd368426f0f4d8a72f139e0dcbd7,Evolutionary Strategies for Collaborative Innovation in Artificial Intelligence-Based New Energy Vehicle Enterprises,False,,"[{'authorId': '2143207690', 'name': 'Ru Liu'}, {'authorId': '2304350878', 'name': 'Hongzhen Lei'}]"
59,d1e47862c5ab152523418e5a3cdf7387aeccb240,AI safety of film capacitors,True,"{'url': 'https://onlinelibrary.wiley.com/doi/pdfdirect/10.1049/nde2.12071', 'status': None}","[{'authorId': '2118412544', 'name': 'Yong-Xin Zhang'}, {'authorId': '2149503675', 'name': 'Fang-Yi Chen'}, {'authorId': '2146082312', 'name': 'Di-Fan Liu'}, {'authorId': '2243523807', 'name': 'Jianxiao Wang'}, {'authorId': '91993156', 'name': 'Q. Feng'}, {'authorId': '2267158830', 'name': 'Hai‐Yang Jiang'}, {'authorId': '2167484605', 'name': 'Xin‐Jie Wang'}, {'authorId': '2267391576', 'name': 'Hong‐Bo Zhao'}, {'authorId': '38903332', 'name': 'Shao‐Long Zhong'}, {'authorId': '2267091873', 'name': 'Faisal Mehmood Shah'}, {'authorId': '2075458100', 'name': 'Z. Dang'}]"
60,594b22265187c16c1646752f4eb309295a648150,"Dynamic pricing: Definition, implications for managers, and future research directions",False,,"[{'authorId': '2546866', 'name': 'P. Kopalle'}, {'authorId': '2268279475', 'name': 'Koen Pauwels'}, {'authorId': '27009288', 'name': 'Laxminarayana Yashaswy Akella'}, {'authorId': '2268279257', 'name': 'Manish Gangwar'}]"
61,59669c37371f0202a8cdd60020454bf655bf7aad,On the use of artificial intelligence in financial regulations and the impact on financial stability,True,"{'url': 'https://arxiv.org/pdf/2310.11293', 'status': None}","[{'authorId': '2258961008', 'name': 'Jon Danielsson'}, {'authorId': '122995304', 'name': 'A. Uthemann'}]"
62,8460e51e6231c4573302ebd10ca765322fc1e3c3,Welfare Diplomacy: Benchmarking Language Model Cooperation,True,"{'url': 'https://arxiv.org/pdf/2310.08901', 'status': None}","[{'authorId': '2261492655', 'name': 'Gabriel Mukobi'}, {'authorId': '2258547775', 'name': 'Hannah Erlebach'}, {'authorId': '2258547769', 'name': 'Niklas Lauffer'}, {'authorId': '84379741', 'name': 'Lewis Hammond'}, {'authorId': '2258630999', 'name': 'Alan Chan'}, {'authorId': '2258549455', 'name': 'Jesse Clifton'}]"
63,12da7bfe1ae691291f9b1ce3122d0185146b4829,Cheap Talking Algorithms,True,"{'url': 'https://arxiv.org/pdf/2310.07867', 'status': None}","[{'authorId': '2257345485', 'name': 'Daniele Condorelli'}, {'authorId': '2257346546', 'name': 'Massimiliano Furlan'}]"
64,1f09f1dabcd80c246b0b3cb22de7c20e440f7843,Algorithmic Collusion or Competition: the Role of Platforms' Recommender Systems,True,"{'url': 'https://arxiv.org/pdf/2309.14548', 'status': None}","[{'authorId': '2152778054', 'name': 'Xingchen Xu'}, {'authorId': '2108321419', 'name': 'Stephanie Lee'}, {'authorId': '2966577', 'name': 'Yong-Ming Tan'}]"
65,97217d457944ee4267d9e439646fa75e5d5cd156,The Moral Psychology of Artificial Intelligence.,True,"{'url': 'https://osf.io/8ptdg/download', 'status': None}","[{'authorId': '3107309', 'name': 'Jean‐François Bonnefon'}, {'authorId': '1705156', 'name': 'Iyad Rahwan'}, {'authorId': '1999088', 'name': 'A. Shariff'}]"
66,ab4c30df0d60f42c88ed3a8525012c313fbb984c,Optimization of computer programming based on mathematical models of artificial intelligence algorithms,False,,"[{'authorId': '2149515947', 'name': 'Yuhui Zheng'}]"
67,9f6ee7dfe901ec8fc84c74ff2140e24c3baacf01,Settlements in the presence of leniency programs: Costs and benefits,True,"{'url': 'https://onlinelibrary.wiley.com/doi/pdfdirect/10.1002/mde.3991', 'status': None}","[{'authorId': '123160052', 'name': 'Matthew Strathearn'}, {'authorId': '2237584817', 'name': 'Zhiqi Chen'}, {'authorId': '2237525704', 'name': 'Thomas W. Ross'}]"
68,eb2e4aae96e77b81371039b57a0cfa8a1096e7ee,"""Guinea Pig Trials"" Utilizing GPT: A Novel Smart Agent-Based Modeling Approach for Studying Firm Competition and Collusion",True,"{'url': 'https://arxiv.org/pdf/2308.10974', 'status': None}","[{'authorId': '2233049793', 'name': 'Xu Han'}, {'authorId': '2157765133', 'name': 'Zengqing Wu'}, {'authorId': '2153971846', 'name': 'Chuan Xiao'}]"
69,0ad47b4dba5b93d3cff84e945c65d4356a0de9c2,Optimal Pricing Policy in the Presence of Positive and Negative Network Effects,False,,"[{'authorId': '2221977800', 'name': 'Nako Iwaji'}, {'authorId': '2109344726', 'name': 'Kimitoshi Sato'}]"
70,be542dbb59bea98a5e4aada5fa39d7e1dc6775c3,Distributed dynamic pricing of multiple perishable products using multi-agent reinforcement learning,False,,"[{'authorId': '83100409', 'name': 'Wenchuan Qiao'}, {'authorId': '143963972', 'name': 'Huang Min'}, {'authorId': '79691329', 'name': 'Zheming Gao'}, {'authorId': '2144801005', 'name': 'Xingwei Wang'}]"
71,332fbdbd9ca36d934798359bb847883b29f195d5,Pigouvian algorithmic platform design,True,,"[{'authorId': '2058402195', 'name': 'Thomas W. L. Norman'}]"
72,6112327ed660dffb7145d5c3960aa41ca9e43183,Algorithmic Pricing and Competition: Empirical Evidence from the German Retail Gasoline Market,True,"{'url': 'https://www.cesifo.org/DocDL/cesifo1_wp8521.pdf', 'status': None}","[{'authorId': '1576513236', 'name': 'Stephanie Assad'}, {'authorId': '144318221', 'name': 'R. Clark'}, {'authorId': '144105475', 'name': 'D. Ershov'}, {'authorId': '2112280175', 'name': 'Lei Xu'}]"
73,1c90e5a50ec5a209161711222131cfbc7b1cb3c6,Adaptive Algorithms and Collusion via Coupling,False,,"[{'authorId': '14084445', 'name': 'M. Banchio'}, {'authorId': '83891784', 'name': 'Giacomo Mantegazza'}]"
74,0ade064402216105c96ec0022f0d96b8b52c9e2f,Designing Auctions when Algorithms Learn to Bid: The critical role of Payment Rules,False,,"[{'authorId': '105071241', 'name': 'P. Rawat'}]"
75,b366e72aa42d336bd8724e2c6d673a67f5aa720e,"Information sharing, personalized pricing, and collusion",True,,"[{'authorId': '36970726', 'name': 'S. Colombo'}, {'authorId': '2102096025', 'name': 'L. Filippini'}, {'authorId': '120764866', 'name': 'Aldo Pignataro'}]"
76,977c43e5c5eb6d2a896c28ef571c3a180163017d,Algorithmic Collusion: Genuine or Spurious?,False,,"[{'authorId': '41048467', 'name': 'Emilio Calvano'}, {'authorId': '1741501', 'name': 'G. Calzolari'}, {'authorId': '2307144123', 'name': 'Vincenzo Denicol'}, {'authorId': '3058616', 'name': 'S. Pastorello'}]"
77,20bfff6cc5c34ef89b382a53d2957a6e6c635fbd,Dynamics of market making algorithms in dealer markets: Learning and tacit collusion,True,"{'url': 'https://onlinelibrary.wiley.com/doi/pdfdirect/10.1111/mafi.12401', 'status': None}","[{'authorId': '1749129', 'name': 'R. Cont'}, {'authorId': None, 'name': 'Wei Xiong'}]"
78,0377e15605d213921e7ed1e8a728ab4a52f973df,ASSESSING THE RISK OF ALGORITHMIC COLLUSION WHEN USING DIFFERENT TYPES OF ALGORITHMS,False,,"[{'authorId': '2312785804', 'name': 'В.В. Кирей'}]"
79,8b71fdcd63da2663f5694beaedc13957d7c6b9aa,Adversarial competition and collusion in algorithmic markets,False,,"[{'authorId': '21687784', 'name': 'Luc Rocher'}, {'authorId': '2182139813', 'name': 'Arnaud J Tournier'}, {'authorId': '2002429', 'name': 'Y. de Montjoye'}]"
80,408401b93754bace4b14c6bc3c2522cabbe27d59,Q-learning with biased policy rules,False,,"[{'authorId': '2903033', 'name': 'Olivier Compte'}]"
81,d1c0d95482a0c01d78aa2cf04f7266fdf82e854a,Regulating algorithms in the digital market: a revisit of Indonesian competition law and policy,False,,"[{'authorId': '71971584', 'name': 'S. Wahyuningtyas'}]"
82,1750b89056b068379464213608696e3a8d47f496,The impact of artificial intelligence design on pricing,False,,"[{'authorId': '92869129', 'name': 'John Asker'}, {'authorId': '1901447', 'name': 'C. Fershtman'}, {'authorId': '102088340', 'name': 'A. Pakes'}]"
83,7f88e4a9e366327954f5dd2676f6e63676b5f9a7,Evolutionary Analysis of the Regulation of Data Abuse in Digital Platforms,True,"{'url': 'https://www.mdpi.com/2079-8954/11/4/188/pdf?version=1680872803', 'status': None}","[{'authorId': '2144786311', 'name': 'Zhen Wang'}, {'authorId': '2154191959', 'name': 'Chunhui Yuan'}, {'authorId': '2118434822', 'name': 'Xiaolong Li'}]"
84,6598c99ca66b760ad81dbed31285af538ea1ec3e,Regulating Collusion,True,"{'url': 'https://www.annualreviews.org/doi/pdf/10.1146/annurev-economics-051520-021936', 'status': None}","[{'authorId': '2756493', 'name': 'Sylvain Chassang'}, {'authorId': '1741110473', 'name': 'Juan Ortner'}]"
85,717e8d432941d5297cd7dc7918f26e7fe73c8482,Artificial Intelligence and Dual Contract,True,"{'url': 'https://arxiv.org/pdf/2303.12350', 'status': None}","[{'authorId': '2203441405', 'name': 'Wuming Fu'}, {'authorId': '2142224407', 'name': 'Qian Qi'}]"
86,743aba073c23c54144f3178757bd5b9590ad0430,Dynamic Pricing with Uncertain Capacities,False,,"[{'authorId': '120911416', 'name': 'Daniel Garcia'}, {'authorId': '145722598', 'name': 'M. Janssen'}, {'authorId': '92697139', 'name': 'R. Shopova'}]"
87,8e3313e50f532d71945e061c5b2627a0c14d43e7,Combating Algorithmic Collusion: A Mechanism Design Approach,False,,"[{'authorId': '2111216507', 'name': 'Soumen Banerjee'}]"
88,ec3b192d3b5c30f5ac4612cfae370ae7b03ce721,"AI-Enabled marketing capabilities and the hierarchy of capabilities: Conceptualization, proposition development, and research avenues",False,,"[{'authorId': '83114518', 'name': 'K. T. Manis'}, {'authorId': '10335049', 'name': 'Sreedhar Madhavaram'}]"
89,c53e2fa57517da2af44556d14b5c90ba10b40214,Competitive Model Selection in Algorithmic Targeting,True,"{'url': 'https://escholarship.org/content/qt6jp6p47n/qt6jp6p47n.pdf?t=rsjela', 'status': None}","[{'authorId': '144868821', 'name': 'Ganesh Iyer'}, {'authorId': '47259410', 'name': 'Tony Ke'}]"
90,1cd05ab5f4f4809e9db9f029b059f1a427049851,Dynamic Pricing Models and Negotiating Agents: Developments in Management Accounting,True,"{'url': 'https://www.mdpi.com/2076-3387/13/2/57/pdf?version=1676424036', 'status': None}","[{'authorId': '70221235', 'name': 'Edgard Cornacchione'}, {'authorId': '48107980', 'name': 'Luciane Reginato'}, {'authorId': '3276101', 'name': 'J. O. Imoniana'}, {'authorId': '2109818976', 'name': 'M. Souza'}]"
91,abcf4d9fb35f961d514a911951b23d72891a5d7c,"Autobidders with Budget and ROI Constraints: Efficiency, Regret, and Pacing Dynamics",True,"{'url': 'http://arxiv.org/pdf/2301.13306', 'status': None}","[{'authorId': '1694393', 'name': 'Brendan Lucier'}, {'authorId': '39575929', 'name': 'S. Pattathil'}, {'authorId': '2158559', 'name': 'Aleksandrs Slivkins'}, {'authorId': '1988285293', 'name': 'Mengxiao Zhang'}]"
92,1d0c9cce94cd3414f2aa3006634c65e2a2ae1450,The changing face of anti-trust in the world of Big Tech: Collusion versus Monopolisation,False,,"[{'authorId': '2201105507', 'name': 'Prishnee Armoogum'}, {'authorId': '143817169', 'name': 'S. Davies'}, {'authorId': '11133440', 'name': 'Franco Mariuzzo'}]"
93,27c8d114061cdaaf80b5c6a01364a5be02091add,Can the Market Economy Deal with Sustainability?,True,"{'url': 'https://link.springer.com/content/pdf/10.1007/s10645-022-09416-6.pdf', 'status': None}","[{'authorId': '13673282', 'name': 'D. Schoenmaker'}, {'authorId': '121889353', 'name': 'H. Stegeman'}]"
94,50f39d4474032d212fd63fdb4e4b808e8d36ba3c,Analyzing Frictions in Generalized Second-Price Auction Markets,False,,"[{'authorId': '29778639', 'name': 'Karthik N. Kannan'}, {'authorId': '32540159', 'name': 'Vandith Pamuru'}, {'authorId': '11200818', 'name': 'Yaroslav Rosokha'}]"
95,847e0badfd34cf9209a8c2e8385d57d37f38eff2,Equilibria in Repeated Games under No-Regret with Dynamic Benchmarks,False,,"[{'authorId': '2193625103', 'name': 'Ludovico Crippa'}, {'authorId': '49814709', 'name': 'Y. Gur'}, {'authorId': '74319519', 'name': 'Bar Light'}]"
96,651ef5c0b884449eecb7ed30addf1e366354ed5f,Market Design for AI Algorithms,False,,"[{'authorId': '14084445', 'name': 'M. Banchio'}, {'authorId': '1703390', 'name': 'Andrzej Skrzypacz'}]"
97,6b3b803bc2b900294bd5b850008cb77336f5f2b2,How to realize the full potentials of artificial intelligence (AI) in digital economy? A literature review,True,,"[{'authorId': '144922394', 'name': 'Haiming Hang'}, {'authorId': '115023819', 'name': 'Zhifeng. Chen'}]"
98,878ba96284a38243e837c7f51b7fb960049b0b1d,Optimal mining in proof-of-work blockchain protocols,True,,"[{'authorId': '2057337337', 'name': 'Jorge Soria'}, {'authorId': '104371172', 'name': 'Jorge Moya'}, {'authorId': '2143303466', 'name': 'A. Mohazab'}]"
99,bffce3e86e07a8aceef752961ef8c067764a050c,Limitations of Nature-Inspired Algorithms for Pricing on Digital Platforms,True,"{'url': 'https://www.mdpi.com/2079-9292/11/23/3927/pdf?version=1669634751', 'status': None}","[{'authorId': '1410965212', 'name': 'J. Sánchez-Cartas'}, {'authorId': '2193718865', 'name': 'Ines P. Sancristobal'}]"
100,8ec1f4266dd01556c99614343dca72d200419811,On the Emergence of Cooperation in the Repeated Prisoner's Dilemma,True,"{'url': 'http://arxiv.org/pdf/2211.15331', 'status': None}","[{'authorId': '2057147926', 'name': 'Maximilian Schaefer'}]"
101,2a2eda7c7bf8279b7c74025de7e1d8f85dbc8891,Can maker-taker fees prevent algorithmic cooperation in market making?,True,"{'url': 'https://arxiv.org/pdf/2211.00496', 'status': None}","[{'authorId': '2153287522', 'name': 'Bingyan Han'}]"
102,e60e86c77fbe3c5df704d9204e82e4e4ec3c01ea,AI-driven liquidity provision in OTC financial markets,True,"{'url': 'https://ora.ox.ac.uk/objects/uuid:89b5f509-8998-4a1f-bf67-a05c1ecd6030/files/sh128nf92r', 'status': None}","[{'authorId': '1891668', 'name': 'Á. Cartea'}, {'authorId': '13722643', 'name': 'Patrick Chang'}, {'authorId': '2166855757', 'name': 'Mateusz Mroczka'}, {'authorId': '34548460', 'name': 'R. Oomen'}]"
103,a8ae5e9ef6f36abeb7700fdb978d412b295dc95d,The AI trilemma: Saving the planet without ruining our jobs,True,"{'url': 'https://www.frontiersin.org/articles/10.3389/frai.2022.886561/pdf', 'status': None}","[{'authorId': '37479876', 'name': 'Ekkehard Ernst'}]"
104,1afb31c6e518c984af29a7b014c966b565eebbc4,Price dynamics of Swedish pharmaceuticals,True,"{'url': 'https://www.ifn.se/wfiles/wp/wp1325.pdf', 'status': None}","[{'authorId': '1572346187', 'name': 'Aljoscha Janssen'}]"
105,55c9c93bf0e6a7930dda2676f405f58e1cbecc5c,Stackelberg POMDP: A Reinforcement Learning Approach for Economic Design,False,,"[{'authorId': '3251778', 'name': 'Gianluca Brero'}, {'authorId': '21802745', 'name': 'Alon Eden'}, {'authorId': '1816753327', 'name': 'D. Chakrabarti'}, {'authorId': '3421373', 'name': 'M. Gerstgrasser'}, {'authorId': '2280335171', 'name': 'Amy Greenwald'}, {'authorId': '2123244299', 'name': 'Vincent Li'}, {'authorId': '49742254', 'name': 'David C. Parkes'}]"
106,400e31b5c8553e11d923e3e2a15934bb6e6a9252,Vice Versa: The Decoupling of Content and Topic Heterogeneity in Collusion Research,True,"{'url': 'https://onlinelibrary.wiley.com/doi/pdfdirect/10.1111/joes.12600', 'status': None}","[{'authorId': '2075494882', 'name': 'W. Schmal'}]"
107,7d0169d22563b8ee817316e1fef462fff2db13ca,Artificial intelligence adoption in a monopoly market,False,,"[{'authorId': '40201835', 'name': 'J. Gans'}]"
108,6be29085bb78e3fed6f2c760f987ac0c72e8ab1e,On sellers' cooperation in hybrid marketplaces,True,"{'url': 'https://aisberg.unibg.it/bitstream/10446/234453/1/On%20sellers%27%20cooperation%20in%20hybrid%20marketplaces.pdf', 'status': None}","[{'authorId': '1741323304', 'name': 'Michele Bisceglia'}, {'authorId': '145202105', 'name': 'Jorge Padilla'}]"
109,2809dd72a815d22b8d62ba5174ca7a756005294a,Digital transformation: A review and research agenda,True,,"[{'authorId': '2082127376', 'name': 'D. Plekhanov'}, {'authorId': '122115875', 'name': 'Henrik Franke'}, {'authorId': '98032147', 'name': 'Torbjørn H. Netland'}]"
110,f6dc5cbfb3ffbe64df0b2dccd63b969fd31e60c5,Dynamic Price Competition: Theory and Evidence from Airline Markets,True,,"[{'authorId': '2097768', 'name': 'Ali Hortaçsu'}, {'authorId': '2117410652', 'name': 'Aniko Öry'}, {'authorId': '34820002', 'name': 'Kevin R. Williams'}]"
111,8bcc89bd47e0df47ef28442ecaa6de29a36a95ad,Algorithmic Pricing Facilitates Tacit Collusion: Evidence from E-Commerce,False,,"[{'authorId': '2106730559', 'name': 'Leon Musolff'}]"
112,4e592808d4f1e49f2e268b0018c4be35e563fbef,Smooth Fictitious Play in Stochastic Games with Perturbed Payoffs and Unknown Transitions,True,"{'url': 'http://arxiv.org/pdf/2207.03109', 'status': None}","[{'authorId': '2024416431', 'name': 'Lucas Baudin'}, {'authorId': '2024372', 'name': 'R. Laraki'}]"
113,3d75a55b8c5b866e6a4267f4c4de23a0e5497e05,Dynamic outcome of coopetition duopoly with implicit collusion,False,,"[{'authorId': '2167368997', 'name': 'Shasha Ding'}, {'authorId': '48728673', 'name': 'Hao Sun'}, {'authorId': '9775553', 'name': 'Panfei Sun'}, {'authorId': '3299572', 'name': 'Weibin Han'}]"
114,4b43903dadb79d3d00b793d41baefb23afe0d5bd,The Concentration-after-Personalisation Index (CAPI): Governing effects of personalisation using the example of targeted online advertising,True,"{'url': 'https://ora.ox.ac.uk/objects/uuid:1ef9864b-4280-4bcf-b031-8a5ccf95900b/files/rz890rt926', 'status': None}","[{'authorId': '137878515', 'name': 'Johann Laux'}, {'authorId': '23985569', 'name': 'F. Stephany'}, {'authorId': '2052380526', 'name': 'Chris Russell'}, {'authorId': '12806133', 'name': 'Sandra Wachter'}, {'authorId': '3127701', 'name': 'B. Mittelstadt'}]"
115,ad0fd3efd3f1d94d2bbd25c68f97a87a56e6ae4f,Competitive pricing on online markets: a literature review,True,"{'url': 'https://link.springer.com/content/pdf/10.1057/s41272-022-00390-x.pdf', 'status': None}","[{'authorId': '48515793', 'name': 'T. J. Gerpott'}, {'authorId': '145474377', 'name': 'J. Berends'}]"
116,d242343dcebec584260e9981b14223950f036ec1,Cooperation between independent market makers,True,"{'url': 'https://arxiv.org/pdf/2206.05410', 'status': None}","[{'authorId': '2153287522', 'name': 'Bingyan Han'}]"
117,bc29bfc03881b8bdc070a8aa7947a8259764abe5,"Business models, consumer data and privacy in platform markets",True,"{'url': 'https://link.springer.com/content/pdf/10.1007/s40812-022-00218-0.pdf', 'status': None}","[{'authorId': '145202105', 'name': 'Jorge Padilla'}, {'authorId': '2214814', 'name': 'S. Piccolo'}, {'authorId': '104326610', 'name': 'Helder Vasconcelos'}]"
118,c8b80c0cebc80dad63e2fcccbcd7f7576ff8b6a4,Risk preferences of learning algorithms,False,,"[{'authorId': '2059769656', 'name': 'A. Haupt'}, {'authorId': '153142755', 'name': 'Aroon Narayanan'}]"
119,41b9a399fe756ca6a0574c1a29983e1e73fee8f1,Pricing with algorithms,False,,"[{'authorId': '72487641', 'name': 'R. Lamba'}, {'authorId': '145967937', 'name': 'Sergey Zhuk'}]"
120,35546dbfeae1327d58c6604798d4c935e3379ebf,For What It’s Worth: Humans Overwrite Their Economic Self-interest to Avoid Bargaining With AI Systems,True,"{'url': 'https://dl.acm.org/doi/pdf/10.1145/3491102.3517734', 'status': None}","[{'authorId': '2078621178', 'name': 'Alexander Erlei'}, {'authorId': '2163709956', 'name': 'Richeek Das'}, {'authorId': '11662108', 'name': 'Lukas Meub'}, {'authorId': '2004208434', 'name': 'Avishek Anand'}, {'authorId': '2516584', 'name': 'U. Gadiraju'}]"
121,78dbc13028fdc279571e11336d9ab1278eeaa47b,"Supply chain ethics and transparency: An agent‐based model approach with
 Q
 ‐learning agents",False,,"[{'authorId': '2122903362', 'name': 'Daehyeon Park'}, {'authorId': '119806905', 'name': 'Doojin Ryu'}]"
122,f62362f6dd420c727c0054dd4cbf4f2d65afc58a,Human-Algorithm Interactions: Evidence from Zillow.com,True,"{'url': 'https://doi.org/10.3386/w29880', 'status': None}","[{'authorId': '90326758', 'name': 'Runshan Fu'}, {'authorId': '30585713', 'name': 'G. Jin'}, {'authorId': '2152974188', 'name': 'Meng Liu'}]"
123,4663d2cc461bed912c0db49e17c1821a4e60f4d6,Learning to Mitigate AI Collusion on Economic Platforms,False,,"[{'authorId': '3251778', 'name': 'Gianluca Brero'}, {'authorId': '100478205', 'name': 'N. Lepore'}, {'authorId': '1905600', 'name': 'Eric Mibuari'}, {'authorId': '30907562', 'name': 'D. Parkes'}]"
124,80998eefa2e5d5428506e16e5c6a33d520bc805f,Artificial Intelligence and Auction Design,True,"{'url': 'https://arxiv.org/pdf/2202.05947', 'status': None}","[{'authorId': '14084445', 'name': 'M. Banchio'}, {'authorId': '1703390', 'name': 'Andrzej Skrzypacz'}]"
125,dd094953fde4b511a10f59beb22d5faf58fc3351,Artificial Intelligence and Spontaneous Collusion,False,,"[{'authorId': '14084445', 'name': 'M. Banchio'}, {'authorId': '83891784', 'name': 'Giacomo Mantegazza'}]"
126,62ad9e595625e107d103a13556897c55df74d41b,The Effect of Outsourcing Pricing Algorithms on Market Competition,False,,"[{'authorId': '2565639', 'name': 'J. Harrington'}]"
127,895aae581f20220dd631fdde35ac84692647e987,Robust Algorithmic Collusion,False,,"[{'authorId': '123724995', 'name': 'Nicolas Eschenbaum'}, {'authorId': '2083715592', 'name': 'Filip Mellgren'}, {'authorId': '48117659', 'name': 'Philipp Zahn'}]"
128,00d487e95017f71a9e1b1ea3df1b16c94fea001d,Construction of Artificial Minds with a Probability Learning Model,False,,"[{'authorId': '2134983933', 'name': 'S. Rajan'}, {'authorId': '2186133084', 'name': 'Venkateswari P'}]"
129,d239a447ab00f89837362f7546767bf998339265,RETRACTED ARTICLE: Isolated stakeholders' behavior towards fintech assisted by artificial intelligence technology,False,,"[{'authorId': '2128904124', 'name': 'Usha Rekha Chinthapalli'}, {'authorId': '2124220231', 'name': 'Ravi Kumar Bommisetti'}, {'authorId': '122008490', 'name': 'Bhavana Raj Kondamudi'}, {'authorId': '2737640', 'name': 'G. Bagale'}, {'authorId': '2143009003', 'name': 'Ramesh Satyanarayana'}]"
130,8dab23ce8c0c1d78d7d7689fedba80a53ded82d3,Strategic interactions between humans and artificial intelligence: Lessons from experiments with computer players,False,,"[{'authorId': '101418653', 'name': 'C. March'}]"
131,09f65dc4c692e42d7e95aea1df815a5c97f38a00,Exploring the Characteristics of Physical Exercise in Students and the Path of Health Education,True,"{'url': 'https://www.frontiersin.org/articles/10.3389/fpsyg.2021.663922/pdf', 'status': None}","[{'authorId': '2152488479', 'name': 'Xintong Peng'}, {'authorId': '2153720672', 'name': 'Lijun Tang'}]"
132,9d72322f16a292295975cd9d093f45517b4aa6d8,Fictitious Play and Best-Response Dynamics in Identical Interest and Zero-Sum Stochastic Games,False,,"[{'authorId': '2024416431', 'name': 'Lucas Baudin'}, {'authorId': '2024372', 'name': 'R. Laraki'}]"
133,b74a6c4f05ec8a66f70bc572cd92d1d07e917b95,Interactions of market making algorithms: a study on perceived collusion,True,"{'url': 'https://dl.acm.org/doi/pdf/10.1145/3490354.3494397', 'status': None}","[{'authorId': None, 'name': 'Wei Xiong'}, {'authorId': '1749129', 'name': 'R. Cont'}]"
134,79007b465073fd61f0fcef9e8888638a134dae71,Algorithmic Collusion and Australian Competition Law: Trouble Ahead for the National Electricity Market?,False,,"[{'authorId': '2151246847', 'name': 'Jeremy D Chan'}]"
135,44bac9ccc5a110086870a5aeb5c5bf7b1ceb4b24,Organizational Structure and Pricing: Evidence from a Large U.S. Airline,False,,"[{'authorId': '2097768', 'name': 'Ali Hortaçsu'}, {'authorId': '1648425351', 'name': 'Timothy Schwieg'}, {'authorId': '34820002', 'name': 'Kevin R. Williams'}, {'authorId': '2141343656', 'name': 'Hayden Parsley'}, {'authorId': '2106796057', 'name': 'Olivia R. Natan'}]"
136,5261719f143c98ab6729dfb3b01e623cccec41a3,Human-Algorithm Interaction: Algorithmic Pricing in Hybrid Laboratory Markets,True,"{'url': 'https://www.coll.mpg.de/pdf_dat/2021_11online.pdf', 'status': None}","[{'authorId': '1695691', 'name': 'Hans-Theo Normann'}, {'authorId': '2111319151', 'name': 'Martin Sternberg'}]"
137,0526e8985a7c8da7a8620a4e6699f3dc36682aff,Algorithmic collusion: A critical review,False,,"[{'authorId': '2064453117', 'name': 'Florian E. Dorner'}]"
138,3a626f535f523b365bb1258c1d64c5b64ab8ae17,The Emerging Threat of Artificial Intelligence on Competition in Liberalized Electricity Markets: A Deep Q-Network Approach,False,,"[{'authorId': '49293775', 'name': 'Danial Esmaeili Aliabadi'}, {'authorId': '121693511', 'name': 'K. Chan'}]"
139,275563e503b6dd2a40ba0c7b73b194ef2b344690,Pricing Frictions and Platform Remedies: The Case of Airbnb,False,,"[{'authorId': '1654472655', 'name': 'Yufeng Huang'}]"
140,15489fbf839684c2d6a9662b77b61281b1175bcb,Algorithmic Collusion in Assortment Games,False,,"[{'authorId': '67306399', 'name': 'Ali Aouad'}, {'authorId': '1741088457', 'name': 'Arnoud V. den Boer'}]"
141,5f62cd3c218ff83a604c4526f98f30fd794a4264,Pseudo-Competitive Games,False,,"[{'authorId': '2169453878', 'name': 'Siddhartha Banerjee'}, {'authorId': '51439746', 'name': 'Chamsi Hssaine'}, {'authorId': '144193607', 'name': 'Vijay Kamble'}]"
142,331f14853afcaf8c5ca41bda7aebf72f6b78ce15,Data‐driven collusion and competition in a pricing duopoly with multinomial logit demand,True,"{'url': 'https://journals.sagepub.com/doi/pdf/10.1111/poms.13919', 'status': None}","[{'authorId': '2131017830', 'name': 'Thomas Loots'}, {'authorId': '2274230419', 'name': 'Arnoud V. denBoer'}]"
143,59af76a74c7f4b366f9a83fedd42235b9df65fb9,Comparing minds and machines: implications for financial stability,False,,"[{'authorId': '1960437', 'name': 'Marcus Buckmann'}, {'authorId': '47812155', 'name': 'A. Haldane'}, {'authorId': '118271131', 'name': 'Anne-Caroline Hüser'}]"
144,69034403e0db8a4ad3db131b4e6b51779db6b1f5,"Limiting Dynamics for Q-Learning with Memory One in Symmetric Two-Player, Two-Action Games",True,"{'url': 'https://downloads.hindawi.com/journals/complexity/2022/4830491.pdf', 'status': None}","[{'authorId': '15059072', 'name': 'J. Meylahn'}, {'authorId': '2285710993', 'name': 'Lars Janssen'}]"
145,fdb0c7434b0203e9e700d3ba85d1b5c17224edfc,"Artificial intelligence, firms and consumer behavior: A survey",True,"{'url': 'https://onlinelibrary.wiley.com/doi/pdfdirect/10.1111/joes.12455', 'status': None}","[{'authorId': '4814235', 'name': 'L. Abrardi'}, {'authorId': '1889998', 'name': 'C. Cambini'}, {'authorId': '6025104', 'name': 'Laura Rondi'}]"
146,f75c628146fb18284a87181ea13c92ec0f4b16e7,The Effect of Outsourcing Pricing Algorithms on Market Competition,False,,"[{'authorId': '1741270663', 'name': 'Joseph E. Harrington Jr'}]"
147,be2e8da792d4b0d99d0dcc7d68613ff31ff8ae63,Measuring spatial price differentials at the basic heading level: a comparison of stochastic index number methods,True,"{'url': 'https://link.springer.com/content/pdf/10.1007/s10182-021-00409-5.pdf', 'status': None}","[{'authorId': '121150882', 'name': 'S. Weinand'}]"
148,31c8b93cad767c67046c861685c5c93e4cad9616,Measuring spatial price differentials at the basic heading level: a comparison of stochastic index number methods,True,"{'url': 'https://link.springer.com/content/pdf/10.1007/s10182-021-00409-5.pdf', 'status': None}","[{'authorId': '121150882', 'name': 'S. Weinand'}]"
149,eb14e265581b5e96b5c15ba5bb0dca817aea141f,Bad machines corrupt good morals,True,"{'url': 'https://publications.ut-capitole.fr/id/eprint/43548/1/wp_tse_1212.pdf', 'status': None}","[{'authorId': '47691963', 'name': 'N. Köbis'}, {'authorId': '3107309', 'name': 'Jean‐François Bonnefon'}, {'authorId': '1705156', 'name': 'Iyad Rahwan'}]"
150,418d48bca429a9c1434e6685adb76711bf58e9e8,Leveraging Artificial Intelligence in Marketing for Social Good—An Ethical Perspective,True,"{'url': 'https://link.springer.com/content/pdf/10.1007/s10551-021-04843-y.pdf', 'status': None}","[{'authorId': '2068775683', 'name': 'Erik Hermann'}]"
151,c82460740ec8bbd12122594b47ca6db359bbdc68,Collusion Sustainability with a Capacity Constrained Firm,False,,"[{'authorId': '107900290', 'name': 'Leonardo Madio'}, {'authorId': '120764866', 'name': 'Aldo Pignataro'}]"
152,3ba81e8aca0eb7f361de294a83e18ea0c7c016d0,Artificial intelligence techniques in finance and financial markets: A survey of the literature,False,,"[{'authorId': '95522458', 'name': 'C. Milana'}, {'authorId': '3229323', 'name': 'A. Ashta'}]"
153,9db704b7fa883e70d8ac44282efbf02f583b8469,Computational Performance of Deep Reinforcement Learning to Find Nash Equilibria,True,"{'url': 'https://link.springer.com/content/pdf/10.1007/s10614-022-10351-6.pdf', 'status': None}","[{'authorId': '3123606', 'name': 'C. Graf'}, {'authorId': '2086066041', 'name': 'Viktor Zobernig'}, {'authorId': '2087056439', 'name': 'Johannes Schmidt'}, {'authorId': '101607429', 'name': 'Claude Klöckl'}]"
154,15f702ad307f33f9c32543c732814cd27d9b3603,The pricing strategies of online grocery retailers,True,"{'url': 'https://dadun.unav.edu/bitstream/10171/68156/1/s11129-023-09273-w.pdf', 'status': None}","[{'authorId': '2064175143', 'name': 'Diego Aparicio'}, {'authorId': '2087460995', 'name': 'Zachary Metzman'}, {'authorId': '66760261', 'name': 'R. Rigobón'}]"
155,82db49a5f8738c50b576558053d7ab037ed90d5f,The Limits of Marketplace Fee Discrimination,True,"{'url': 'http://www.netinst.org/Tremblay_20-10.pdf', 'status': None}","[{'authorId': '48648523', 'name': 'M. Tremblay'}]"
156,546520d7b8a3f80220bb638ea1eacedc14f2944e,Non-linear Pricing in E-commerce: An Exploration,False,,"[{'authorId': '1642229859', 'name': 'Dipankar Das'}, {'authorId': '35721947', 'name': 'Vivek Jadhav'}]"
157,6a6e0c656d3564bc0cf41c12aa11274e962d4736,The Value of Privacy in Cartels: An Analysis of the Inner Workings of a Bidding Ring,True,,"[{'authorId': '50810954', 'name': 'Keiichi Kawai'}, {'authorId': '47491728', 'name': 'Jun Nakabayashi'}, {'authorId': '1741110473', 'name': 'Juan Ortner'}]"
158,1375d85243ba868a55997e1690410ea779a52d3d,On Sellers' Collusion in E-Commerce Marketplaces,False,,"[{'authorId': '1741323304', 'name': 'Michele Bisceglia'}]"
159,bb576dec95141b9e0f03cc4c76f7049b9280dade,Dynamic pricing under competition using reinforcement learning,True,"{'url': 'https://link.springer.com/content/pdf/10.1057/s41272-021-00285-3.pdf', 'status': None}","[{'authorId': '1402686549', 'name': 'Alexander Kastius'}, {'authorId': '34691454', 'name': 'R. Schlosser'}]"
160,cf3f72dc023617fac07323fc8b92325e4f85c714,"Algorithmic Pricing and Price Gouging. Consequences of High-Impact, Low Probability Events",True,"{'url': 'https://www.mdpi.com/2071-1050/13/5/2542/pdf?version=1614333900', 'status': None}","[{'authorId': '1410965212', 'name': 'J. Sánchez-Cartas'}, {'authorId': '150034597', 'name': 'A. Tejero'}, {'authorId': '47270366', 'name': 'G. León'}]"
161,9e2c896f13b98fcc0d0f3be90e2be6d62ac6a8f5,Causal Reinforcement Learning: An Instrumental Variable Approach,True,"{'url': 'https://arxiv.org/pdf/2103.04021', 'status': None}","[{'authorId': '2118399400', 'name': 'Jin Li'}, {'authorId': '145378980', 'name': 'Ye Luo'}, {'authorId': '2108187074', 'name': 'Xiaowei Zhang'}]"
162,c724a991154464c2a7eed6ebfb488dacee9d8fec,Understanding algorithmic collusion with experience replay,False,,"[{'authorId': '144334632', 'name': 'Bing Han'}]"
163,6c6bff7eff6f7e65d1ccfb23459a6675bb531248,"Competition Network, Distress Propagation, and Stock Returns",False,,"[{'authorId': '32541498', 'name': 'W. Dou'}, {'authorId': '47163446', 'name': 'Shane A. Johnson'}, {'authorId': '2142238100', 'name': 'MingMing Ao Shao'}, {'authorId': '122264923', 'name': 'Wei Wu'}]"
164,823510cc2da7389eb2ce49e9c9dc85726c0fa090,Algorithmic Collusion: Insights from Deep Learning,False,,"[{'authorId': '2137649885', 'name': 'Matthias Hettich'}]"
165,4c926606e666d25198295cfbb8a473690bdc55d8,Algorithmic collusion with imperfect monitoring,True,"{'url': 'https://cris.unibo.it/bitstream/11585/832496/7/Algorithmic%20collusion.pdf', 'status': None}","[{'authorId': '41048467', 'name': 'Emilio Calvano'}, {'authorId': '1741501', 'name': 'G. Calzolari'}, {'authorId': '2013775', 'name': 'V. Denicoló'}, {'authorId': '3058616', 'name': 'S. Pastorello'}]"
166,e5fab4375d64f8975222a1399892b334c50ce3a1,"Natural Oligopoly Responses, Repeated Games, and Coordinated Effects in Merger Analysis: A Perspective and Research Agenda",False,,"[{'authorId': '143772628', 'name': 'Joseph Farrell'}, {'authorId': '144200289', 'name': 'J. Baker'}]"
167,6d4582969020b7575ebc1e35c83f5580f835e23a,The Applicability of Art. 101 TFEU to Horizontal Algorithmic Pricing Practices: Two Conceptual Frontiers,False,,"[{'authorId': '101033381', 'name': 'B. Ong'}]"
168,f5483233a161122ad289bd3e479af61ca28fe136,Testing Models of Strategic Uncertainty: Equilibrium Selection in Repeated Games,True,"{'url': 'https://arxiv.org/pdf/2101.05900', 'status': None}","[{'authorId': '102968558', 'name': 'E. Vespa'}, {'authorId': '113044841', 'name': 'Taylor Weidman'}, {'authorId': '30316689', 'name': 'Alistair J. Wilson'}]"
169,460ce6aa803f02f11aca9870ccdfde16540311aa,The 2010 HMGs Ten Years Later: Where Do We Go From Here?,True,"{'url': 'https://link.springer.com/content/pdf/10.1007/s11151-020-09809-4.pdf', 'status': None}","[{'authorId': '152341363', 'name': 'S. Salop'}, {'authorId': '4069303', 'name': 'Fiona M. Scott Morton'}]"
170,2a1573cfa29a426c695e2caf6de0167a12b788ef,Open Problems in Cooperative AI,False,,"[{'authorId': '3198576', 'name': 'A. Dafoe'}, {'authorId': '37591038', 'name': 'Edward Hughes'}, {'authorId': '1698412', 'name': 'Yoram Bachrach'}, {'authorId': '2059467919', 'name': 'Tantum Collins'}, {'authorId': '47610458', 'name': 'Kevin R. McKee'}, {'authorId': '1700356', 'name': 'Joel Z. Leibo'}, {'authorId': '144652297', 'name': 'K. Larson'}, {'authorId': '1686971', 'name': 'T. Graepel'}]"
171,6181134a8ee979c73ff0d01c015a7c2120b69ec3,AI Legal Counsel to train and regulate legally constrained Autonomous systems,False,,"[{'authorId': '2007652935', 'name': 'Hal Ashton'}]"
172,8cc0fee44e6d09adcd3f95a8b6c681334b520372,Estimating Policy Functions in Payment Systems using Reinforcement Learning,False,,"[{'authorId': '39163115', 'name': 'P. S. Castro'}, {'authorId': '2087722867', 'name': 'Ajit Desai'}, {'authorId': '2065005350', 'name': 'H. Du'}, {'authorId': '24763351', 'name': 'Rodney J. Garratt'}, {'authorId': '118991273', 'name': 'Francisco Rivadeneyra'}]"
173,c44d5d2e7707e9ef44c55b3a1966a14e9728278c,Learning to Collude in a Pricing Duopoly,False,,"[{'authorId': '15059072', 'name': 'J. Meylahn'}, {'authorId': '2078357874', 'name': 'A. V. Boer'}]"
174,158f203042c924d254b2fbc09e00dcfa9d31cbd0,How Does Competition Affect Exploration vs. Exploitation? A Tale of Two Recommendation Algorithms,False,,"[{'authorId': '2248050827', 'name': 'Huining Henry Cao'}, {'authorId': '1896349', 'name': 'Liye Ma'}, {'authorId': '2247557980', 'name': 'Z. Eddie Ning'}, {'authorId': '7923060', 'name': 'Baohong Sun'}]"
175,62ff4c1e6fe8362e7f8ac98b5ba6a264f241154e,Protecting consumers from collusive prices due to AI,True,"{'url': 'https://cadmus.eui.eu/bitstream/1814/69109/1/CALZOLARI_ET_AL_2020.pdf', 'status': None}","[{'authorId': '41048467', 'name': 'Emilio Calvano'}, {'authorId': '1741501', 'name': 'G. Calzolari'}, {'authorId': '2013775', 'name': 'V. Denicoló'}, {'authorId': '2565639', 'name': 'J. Harrington'}, {'authorId': '3058616', 'name': 'S. Pastorello'}]"
176,77a1e411c3c177260b8ba6753035758eb1bcb0ec,Information and Communication Technology Security Issues,False,,"[{'authorId': '145940146', 'name': 'J. Cave'}, {'authorId': '2725917', 'name': 'Maarten Botterman'}, {'authorId': '144875275', 'name': 'D. Farber'}]"
177,424a15e7489dff7310d8d12cfd8b9e2cf16c478b,Data-Driven Mergers and Personalization,True,"{'url': 'https://research.monash.edu/files/380202158/351906086_oa.pdf', 'status': None}","[{'authorId': '2284733291', 'name': 'Zhijun Chen'}, {'authorId': '114863526', 'name': 'Chongwoo Choe'}, {'authorId': '2284675182', 'name': 'Jiajia Cong'}, {'authorId': '1758215', 'name': 'Noriaki Matsushima'}]"
178,daeb93c0419ee9af5d6c785ebe1e75c9fb3ea73f,Deep Learning and Financial Stability,False,,"[{'authorId': '120360335', 'name': 'G. Gensler'}, {'authorId': '2069025108', 'name': 'Lily Bailey'}]"
179,6694a7aab66e1c5b9b094aa9247b7884d27e930d,Platform Design When Sellers Use Pricing Algorithms,True,"{'url': 'https://www.tse-fr.eu/sites/default/files/TSE/documents/doc/wp/2020/wp_tse_1146.pdf', 'status': None}","[{'authorId': '2115231057', 'name': 'Justin P. Johnson'}, {'authorId': '143890994', 'name': 'Andrew Rhodes'}, {'authorId': '3388492', 'name': 'M. Wildenbeest'}]"
180,62b504365a7e1ca2a64f694b29df2a22d39094db,Naive Analytics Equilibrium,True,"{'url': 'https://arxiv.org/pdf/2010.15810', 'status': None}","[{'authorId': '31554430', 'name': 'Ron Berman'}, {'authorId': '1798906', 'name': 'Yuval Heller'}]"
181,418da8ade97e26e6531cc4370736e001abe935d4,Competition in Pricing Algorithms,False,,"[{'authorId': '34520394', 'name': 'Zach Y. Brown'}, {'authorId': '123700467', 'name': 'Alexander Mackay'}]"
182,c1ca0c3f1ed060020606372b75eadcc28a244673,Feedback and Contagion through Distressed Competition,False,,"[{'authorId': '123655708', 'name': 'Hui Chen'}, {'authorId': '32541498', 'name': 'W. Dou'}, {'authorId': '2111300481', 'name': 'Hongye Guo'}, {'authorId': '152994837', 'name': 'Yan Ji'}]"
183,a0f66d05c2ae5342f81634a670aece11e12fb211,How to Talk When a Machine is Listening: Corporate Disclosure in the Age of AI,True,"{'url': 'http://www.nber.org/papers/w27950.pdf', 'status': None}","[{'authorId': '107676506', 'name': 'S. Cao'}, {'authorId': '144537034', 'name': 'Wei Jiang'}, {'authorId': '36840112', 'name': 'Baozhong Yang'}, {'authorId': '2106737241', 'name': 'Alan L. Zhang'}]"
184,e49bbb2a5d59448fd4eaaca562201eaeec335e42,Machine Learning and Law and Economics: A Preliminary Overview,True,,"[{'authorId': '2107887137', 'name': 'Sangchul Park'}, {'authorId': '71189161', 'name': 'Haksoo Ko'}]"
185,3bfebd2d64c564539cdc2d90bb7a5bfde24a0d34,Machine Learning and Law and Economics: A Preliminary Overview,True,,"[{'authorId': '2285130710', 'name': 'Sangchul Park'}, {'authorId': '2285205313', 'name': 'Haksoo Ko'}]"
186,c324777eab6a27deb12b547b0d066cbe73b4d319,"AI and Algorithmic Bias: Source, Detection, Mitigation and Implications",False,,"[{'authorId': '90326758', 'name': 'Runshan Fu'}, {'authorId': '2151496413', 'name': 'Yan Huang'}, {'authorId': '2152498294', 'name': 'Param Vir Singh'}]"
187,855f794843a6b70a5dd3d36b830fde118387de8c,"AI algorithms, price discrimination and collusion: a technological, economic and legal perspective",False,,"[{'authorId': '29917332', 'name': 'A. Gautier'}, {'authorId': '2831936', 'name': 'A. Ittoo'}, {'authorId': '1741385374', 'name': 'Pieter Van Cleynenbreugel'}]"
188,3cb5d87eab61b2f48b0394248ddd137676ae9610,Pricing Algorithms as Collusive Devices,False,,"[{'authorId': '98770182', 'name': 'C. Veljanovski'}]"
189,88b201e383e57822b0c725e13193f077a0f36d3a,Dynamische Preisgestaltung in der digitalisierten Welt,True,"{'url': 'https://link.springer.com/content/pdf/10.1007/s41471-020-00095-0.pdf', 'status': None}","[{'authorId': '2111998318', 'name': 'M. Spann'}, {'authorId': '2068016881', 'name': 'Bernd Skiera'}]"
190,3e3c55ef87d19b0bd1738a06f5eda92985615195,Dynamic Pricing in a Digitized World,False,,"[{'authorId': '2329336', 'name': 'Martin Spann'}, {'authorId': '1798410', 'name': 'B. Skiera'}]"
191,882eb852906c1fd895fe36911da43b68ba9ae0ba,Digital Platforms and Antitrust,True,"{'url': 'https://www.bruegel.org/wp-content/uploads/2020/11/WP-2020-06-1.pdf', 'status': None}","[{'authorId': '40620366', 'name': 'Geoffrey G. Parker'}, {'authorId': '98305305', 'name': 'G. Petropoulos'}, {'authorId': '98305305', 'name': 'G. Petropoulos'}, {'authorId': '2710663', 'name': 'Marshall W. Van Alstyne'}, {'authorId': '2710663', 'name': 'Marshall W. Van Alstyne'}]"
192,c8bd2bdf6250579a018ead7d1786cb2107c57e1e,Algorithmic Pricing and Market Coordination – Toward a Notion of ‘Collusive Risk’,True,"{'url': 'https://revistas.pucp.edu.pe/index.php/themis/article/download/24175/22938', 'status': None}","[{'authorId': '2059402031', 'name': 'Juliane K. Mendelsohn'}]"
193,1e0c3421bf84174e096897c48dc7800e319f6350,Measuring Spatial Price Differentials: A Comparison of Stochastic Index Number Methods,False,,"[{'authorId': '121150882', 'name': 'S. Weinand'}]"
194,6acb5cacbe81579976aff4da441dbb3f3ff602f3,Hypothesis Testing Approach to Detecting Collusion in Competitive Environments,True,"{'url': 'https://arxiv.org/pdf/2003.09967', 'status': None}","[{'authorId': '9920004', 'name': 'P. Hespanhol'}, {'authorId': '144775461', 'name': 'A. Aswani'}]"
195,9aa5a7df2bb52d3a32fe44658cd436a8396383c5,Artificial Intelligence and Systemic Risk,True,"{'url': 'http://eprints.lse.ac.uk/111601/4/Danielsson_artificial_intelligence_and_systemic_risk_published.pdf', 'status': None}","[{'authorId': '46245598', 'name': 'Jón Dańıelsson'}, {'authorId': '2001436731', 'name': 'R. Macrae'}, {'authorId': '122995304', 'name': 'A. Uthemann'}]"
196,6b67fb0281301aeb135d94d4c866bd02eab2edc7,Satisficing Search and Price Competition,False,,"[{'authorId': '2169453878', 'name': 'Siddhartha Banerjee'}, {'authorId': '51439746', 'name': 'Chamsi Hssaine'}, {'authorId': '144193607', 'name': 'Vijay Kamble'}]"
197,0be53c41294de9dee7ad5f3e4524c722fef8a8e5,Artificial Intelligence: Can Seemingly Collusive Outcomes Be Avoided?,False,,"[{'authorId': '22483628', 'name': 'I. Abada'}, {'authorId': '3451045', 'name': 'X. Lambin'}]"
198,b447e4eff987f6d3b5548bb5a2e4140f8b60f213,Algorithmic Fairness and Economics,False,,"[{'authorId': '3222806', 'name': 'Bo Cowgill'}, {'authorId': '50696623', 'name': 'Catherine Tucker'}]"
199,9b31bba79ee7164b1b3ef76cecd0333e37da8bc7,"Complexity, Stability Properties Of Mixed Games And Dynamic Algorithms, And 'Learning' In The Sharing Economy.",False,,"[{'authorId': '2251123', 'name': 'Michael C. I. Nwogugu'}]"
200,ac7c8f2e46974d1e9071e049af1a86de7d47797e,Understanding AI Collusion and Compliance,False,,"[{'authorId': '2115231057', 'name': 'Justin P. Johnson'}, {'authorId': '2088272390', 'name': 'D. Sokol'}]"
201,d527ef781dd5884980402e95e1f8699106783d02,Algorithmic Collusion: Supra-Competitive Prices via Independent Algorithms,False,,"[{'authorId': '40294382', 'name': 'Karsten Hansen'}, {'authorId': '39577778', 'name': 'Kanishka Misra'}, {'authorId': '7242417', 'name': 'Mallesh M. Pai'}]"
202,246b4b77fa717ff03129fce90c073e56800912cc,Quantum Prices,True,,"[{'authorId': '2064175143', 'name': 'Diego Aparicio'}, {'authorId': '66760261', 'name': 'R. Rigobón'}]"
203,93bf4e0eea5d4f948a50c6f9cdd17c0d5fcb18a1,Competition-Based Dynamic Pricing in E-Commerce,False,,"[{'authorId': '107972626', 'name': 'Henrik Aalto'}]"
204,2a04610f48bb448953348c4b1087fc9c201a01f8,Market Efficiency in the Age of Big Data,True,"{'url': 'https://doi.org/10.3386/w26586', 'status': None}","[{'authorId': '145579026', 'name': 'Ian Martin'}, {'authorId': '50373121', 'name': 'S. Nagel'}]"
205,cae24fa00456ad185441515a0b8c6c852d3ac4f5,Soul and machine (learning),False,,"[{'authorId': '50285540', 'name': 'Davide Proserpio'}, {'authorId': '98694489', 'name': 'J. Hauser'}, {'authorId': '48032577', 'name': 'Xinyu Liu'}, {'authorId': '47331949', 'name': 'Tomomichi Amano'}, {'authorId': '70401955', 'name': 'Alex Burnap'}, {'authorId': '2057578847', 'name': 'Tong Guo'}, {'authorId': '2675022', 'name': 'Dokyun Lee'}, {'authorId': '25017452', 'name': 'Randall A. Lewis'}, {'authorId': '39577778', 'name': 'Kanishka Misra'}, {'authorId': '1741167880', 'name': 'Eric M. Schwartz'}, {'authorId': '145199190', 'name': 'Artem Timoshenko'}, {'authorId': '119556721', 'name': 'Lilei Xu'}, {'authorId': '2863824', 'name': 'Hema Yoganarasimhan'}]"
206,d38a85265d994aa80ad54af25b758f4e35e04577,The Economics of Artificial Intelligence: A Survey,True,"{'url': 'https://cadmus.eui.eu/bitstream/1814/63684/1/RSCAS%202019_58.pdf', 'status': None}","[{'authorId': '4814235', 'name': 'L. Abrardi'}, {'authorId': '1889998', 'name': 'C. Cambini'}, {'authorId': '6025104', 'name': 'Laura Rondi'}]"
207,4bd07a45a001e85ea29a42d5bfba891f24aad6a0,"Artificial Intelligence, Data, Ethics: An Holistic Approach for Risks and Regulation",False,,"[{'authorId': '151417402', 'name': 'Alexis Bogroff'}, {'authorId': '1862998', 'name': 'D. Guégan'}]"
208,6a77ae3c6d9270d9f1b6feb018b6de902c812fda,Autonomous Algorithmic Collusion: Q-Learning Under Sequential Pricing,False,,"[{'authorId': '1738478749', 'name': 'Timo Klein'}]"
209,ec253a58999d015f20684be4be55369dd7f633cb,The Impact of Price Adjustment Costs on Price Dispersion in E-Commerce,True,"{'url': 'https://research.wu.ac.at/files/18518157/wp280.pdf', 'status': None}","[{'authorId': '5781583', 'name': 'R. Böheim'}, {'authorId': '1768735', 'name': 'F. Hackl'}, {'authorId': '1490715679', 'name': 'Michael Hölzl-Leitner'}]"
210,1ac524c713423bc50822b34e0aa1bbfab42d2b00,Data science for entrepreneurship research: studying demand dynamics for entrepreneurial skills in the Netherlands,True,"{'url': 'https://link.springer.com/content/pdf/10.1007/s11187-019-00208-y.pdf', 'status': None}","[{'authorId': '2541723', 'name': 'J. Prüfer'}, {'authorId': '52113800', 'name': 'Patricia Prüfer'}]"
211,587393c7866bc26acb17a380ff776077b7f98362,Algorithmic Pricing What Implications for Competition Policy?,True,"{'url': 'https://art.torvergata.it/bitstream/2108/303885/1/RIO%20editorial%20algo%20pricing%20.pdf', 'status': None}","[{'authorId': '41048467', 'name': 'Emilio Calvano'}, {'authorId': '1741501', 'name': 'G. Calzolari'}, {'authorId': '2013775', 'name': 'V. Denicoló'}, {'authorId': '3058616', 'name': 'S. Pastorello'}]"
212,480343d6b9ed319324432caef530c143c02beef2,"Controlling Algorithmic Collusion: Short Review of the Literature, Undecidability, and Alternative Approaches",True,"{'url': 'https://www.repository.utl.pt/bitstream/10400.5/17634/1/REM_WP_077_2019.pdf', 'status': None}","[{'authorId': '14265369', 'name': 'J. Gata'}]"
213,a1f0967ebdef8860454bdd2a8ad66bc27a439a02,Deep Q-Learning of Prices in Oligopolies: The Number of Competitors Matters,False,,"[{'authorId': '2326213762', 'name': 'Herbert Dawid'}, {'authorId': '3483698', 'name': 'P. Harting'}, {'authorId': '2275698776', 'name': 'Michael Neugart'}]"
214,c4ed86a61fc787be9e4ce997350f7c412c7e1fde,Counter-Intuitive Effects of Q-Learning Exploration in a Congestion Dilemma,True,"{'url': 'https://ieeexplore.ieee.org/ielx7/6287639/6514899/10414037.pdf', 'status': None}","[{'authorId': '102790549', 'name': 'Cesare Carissimo'}]"
215,8c299f8871be2eef9614d30af470e3bedd9849f5,Multi-agent Deep Reinforcement Learning for Dynamic Pricing by Fast-charging Electric Vehicle Hubs in ccompetition,False,,"[{'authorId': '2122949818', 'name': 'Diwas Paudel'}, {'authorId': '2243111250', 'name': 'Tapas K. Das'}]"
216,bf381d7b931c457cdcc2f2a9311ab8e3278477f6,Algorithmic Product Positioning and Pricing: Can Artificial Intelligence Do Strategy?,False,,"[{'authorId': '1410965212', 'name': 'J. Sánchez-Cartas'}, {'authorId': '1688646', 'name': 'Evangelos Katsamakas'}]"
217,cd7ab3ea12aaca1de4ae4a193dea0a4209d68e0a,"Algorithmic Competition, with Humans",False,,"[{'authorId': '2269090936', 'name': 'Matthew Leisten'}]"
218,7f3c7d2df7f7a0b2beff9ef648e7def9c5c8a774,Competitive Insurance Pricing Using Model-Based Bandits,False,,"[{'authorId': '2296126886', 'name': 'Lukasz Sliwinski'}, {'authorId': '2296126165', 'name': 'Tanut Treetanthiploet'}, {'authorId': '2445874', 'name': 'D. Šiška'}, {'authorId': '2243123600', 'name': 'Lukasz Szpruch'}]"
219,b552ded31ec8f4abfcd4cd2bad36c9a97dd941d4,Can Gender-Blind Algorithmic Pricing Eliminate the Gender Gap?,False,,"[{'authorId': '2265310831', 'name': 'Ozge Demirci'}]"
220,b4efb369f2f335ee33cba4a0448265c6f068f487,"Internet Appendix for ``AI-Powered Trading, Algorithmic Collusion, and Price Efficiency''",False,,"[{'authorId': '32541498', 'name': 'W. Dou'}, {'authorId': '2238704667', 'name': 'Itay Goldstein'}, {'authorId': '2237097886', 'name': 'Yan Ji'}]"
221,bd0f30491b910a8c26b6f611622622038d31f350,Algorithmic Bias and Explainability in Insurance,False,,"[{'authorId': '2301950139', 'name': 'Jakob Walter'}, {'authorId': '2269253833', 'name': 'Martin Eling'}]"
222,55cf8e08a329b65a55ccd5dd021a6638dcaf0d2b,Competition and learning in dealer markets,False,,"[{'authorId': '2303001255', 'name': 'hanna Assayag'}, {'authorId': '2303001543', 'name': 'Alexander Barzykin'}, {'authorId': '2269348964', 'name': 'Rama Cont'}, {'authorId': '2267349112', 'name': 'Wei Xiong'}]"
223,25d1164936533204bef16f2503ab8cf0f01d9733,A Mechanism for Destabilizing Cartels ∗,False,,"[{'authorId': '2111216618', 'name': 'S. Banerjee'}]"
224,f9e9b4e5d84c2a45bbd8ec4f1c5cd9601a164124,"AI-Powered Trading, Algorithmic Collusion, and Price Efficiency",False,,"[{'authorId': '32541498', 'name': 'W. Dou'}, {'authorId': '3073437', 'name': 'Itay Goldstein'}, {'authorId': '152994837', 'name': 'Yan Ji'}]"
225,37b29531256d45472c7ef06d2591d1cf00289f81,CAMBRIDGE WORKING PAPERS IN ECONOMICS JANEWAY INSTITUTE WORKING PAPERS Market segmentation through information,False,,"[{'authorId': '7937649', 'name': 'M. Elliott'}, {'authorId': '2535141', 'name': 'A. Galeotti'}, {'authorId': '119416624', 'name': 'A. Koh'}, {'authorId': '122009213', 'name': 'Wenhao Li'}, {'authorId': '13270881', 'name': 'Nageeb Ali'}, {'authorId': '144791375', 'name': 'B. Golub'}, {'authorId': '2186202991', 'name': 'Konstantin Guryev'}, {'authorId': '144237049', 'name': 'S. Hart'}, {'authorId': '3024016', 'name': 'Navin Kartik'}, {'authorId': '48218339', 'name': 'S. Morris'}, {'authorId': '1738634', 'name': 'L. Renou'}, {'authorId': '2220020489', 'name': 'Alex Wolitzky. J¨org Kalbfuss'}, {'authorId': '2305255082', 'name': 'Alastair Langtry'}]"
226,d77aa3fb7f50b48b8e7e26fdca18d99821c86f94,The Price of Algorithmic Pricing: Investigating Collusion in a Market Simulation with AI Agents,False,,"[{'authorId': '1835282080', 'name': 'Michael Schlechtinger'}, {'authorId': '2117589477', 'name': 'Damaris Kosack'}, {'authorId': '1802726', 'name': 'Heiko Paulheim'}, {'authorId': '91869959', 'name': 'T. Fetzer'}, {'authorId': '2083685240', 'name': 'Franziska Krause'}]"
227,346b19b8d9e9c86f26aa66c7fb12d9a9c32b0b00,Why Self-Preferencing and Why Preferences for Ex-Ante Regulations,False,,"[{'authorId': '2070770632', 'name': 'D. Ireland'}]"
228,bd23aa5973e0074dddb932429ce3836656d64c55,An Economic Test for an Unlawful Agreement to Adopt a Third-Party's Pricing Algorithm,False,,"[{'authorId': '1741270663', 'name': 'Joseph E. Harrington Jr'}]"
229,f5a12c090a82981ed4bea3c316d0136f30e6f5c5,Convergence Rates and Collusive Outcomes of Pricing Algorithms,True,"{'url': 'http://amslaurea.unibo.it/26306/1/KMF_MSc_Thesis.pdf', 'status': None}","[{'authorId': '2146135606', 'name': 'K. Frick'}]"
230,3cce8d4ae7af0e767d3d934617c10e521947191b,ALGORITHMIC PRICING AND COMPETITION,False,,"[{'authorId': '144318221', 'name': 'R. Clark'}, {'authorId': '144105475', 'name': 'D. Ershov'}, {'authorId': '71467514', 'name': 'Giovanna Massarotto'}, {'authorId': '103057675', 'name': 'P. Dimeglio'}, {'authorId': '2161835433', 'name': 'Holli Sargeant'}, {'authorId': '114854875', 'name': 'Teodora Groza'}, {'authorId': '119678767', 'name': 'Emilie Feyler'}]"
231,5a2ebb2f6c95da2eede4d8c454e69c57dca9e860,Learning to Promote Cooperation in the Collective Risk Dilemma,False,,"[{'authorId': '2243005314', 'name': 'David Parkes'}, {'authorId': '2243198886', 'name': 'Clifford Taubes'}, {'authorId': '2243208195', 'name': 'Esther Plotnick'}]"
232,596e6e65b00949ee97187f75b4f99aa50577fc88,Algorithmic Price Recommendations and Collusion: Experimental Evidence,True,"{'url': 'https://www.econstor.eu/bitstream/10419/280937/1/1876912987.pdf', 'status': None}","[{'authorId': '2243650248', 'name': 'Matthias Hunold'}, {'authorId': '2243612153', 'name': 'Tobias Werner'}]"
233,acdc5c5f1ca4f6aa3b52db355f6cb390d541e4b2,Competition in Generative AI Foundation Models,False,,"[{'authorId': '123408754', 'name': 'Christophe Carugati'}]"
234,ac88fa813ac7b495ed64c2543212dfbfa4744439,Unleashing the Predators: Autonomous Predation and Manipulation Through Algorithms,False,,"[{'authorId': '22483628', 'name': 'I. Abada'}, {'authorId': '3451045', 'name': 'X. Lambin'}]"
235,5a8c3e40d687dd55f8d32aa32e53d2c94f165bbd,Does Human-algorithm Feedback Loop Lead To Error Propagation? Evidence from Zillow’s Zestimate ∗,False,,"[{'authorId': '2248448082', 'name': '†. RunshanFu'}, {'authorId': '2248453554', 'name': 'Ginger Zhe'}, {'authorId': '2248518381', 'name': 'Meng Liu'}, {'authorId': '2248438697', 'name': 'Washington U. in'}, {'authorId': '2247971072', 'name': 'St. Louis'}, {'authorId': '2248453342', 'name': 'Bo Cowgill'}, {'authorId': '2248453336', 'name': 'Andrey Fradkin'}, {'authorId': '2248304432', 'name': 'Xiang Hui'}, {'authorId': '2248724628', 'name': 'Zhentong Lu'}, {'authorId': '2248242905', 'name': 'Nikhil Malik'}, {'authorId': '2248185479', 'name': 'Shunyuan Zhang'}]"
236,de5ca83cb06efdefd53cf47c463380b1ed63a807,Competition and Collaboration between Human and Artificial Intelligence in Digital Markets,False,,"[{'authorId': '118662766', 'name': 'Andrea Schauer'}, {'authorId': '2249435989', 'name': 'Daniel Schnurr'}]"
237,19857e5577ac17765ef753f34443774473d39b36,Weak Acyclicity in Games With Unique Best-responses and Implications for Algorithmic Collusion,False,,"[{'authorId': '2261833589', 'name': 'Janusz Meylahn'}]"
238,a5db2aac7df6e4326b9b1478d32f29af26eb63e6,Does an Intermediate Price Facilitate Algorithmic Collusion?,False,,"[{'authorId': '2261833589', 'name': 'Janusz Meylahn'}]"
239,b1433c0e8033c8702527795a9f35b89878715c8f,Spoofing and Manipulating Order Books with Learning Algorithms,False,,"[{'authorId': '2269235284', 'name': 'Álvaro Cartea'}, {'authorId': '2269190316', 'name': 'Patrick Chang'}, {'authorId': '2269227387', 'name': 'Gabriel García-Arenas'}]"
240,0f463f96033b68b2adfe9275594232bd4788f532,Regulating Discriminatory Pricing in the Presence of Tacit Collusion,False,,"[{'authorId': '2161231354', 'name': 'Zongsen Yang'}, {'authorId': '2269572879', 'name': 'Xiao Lei'}, {'authorId': '2269823515', 'name': 'Pin Gao'}]"
241,4af485f466618769bb3270c76e65805ac4102256,A (mathematical) definition of algorithmic collusion,False,,"[{'authorId': '1741088457', 'name': 'Arnoud V. den Boer'}]"
242,e7dd06a91df9c277be172b4f9e0c861bce275b3f,Artificial Intelligence & Data Obfuscation: Algorithmic Competition in Digital Ad Auctions,False,,"[{'authorId': '2275664989', 'name': 'Francesco Decarolis'}, {'authorId': '2275461571', 'name': 'Gabriele Rovigatti'}, {'authorId': '2275664026', 'name': 'Michele Rovigatti'}, {'authorId': '2185198333', 'name': 'Ksenia Shakhgildyan'}]"
243,0dcd05e3f52ceefdc95e496ea9574b879c897d71,Building Trust: A Dynamic Game of Collusive Price Leadership,False,,"[{'authorId': '2275983716', 'name': 'Yu Hao'}]"
244,2eb696955fc39abfc048f80b12c51e5a9477d8dc,On the Collusion Sustainability Condition for Dynamic Pricing with Trigger Strategies,False,,"[{'authorId': '2275733517', 'name': 'Kimitoshi Sato'}]"
245,b58802410e3f51f273729eb1c64e567d6acb12a8,Get It in Writing: Formal Contracts Mitigate Social Dilemmas in Multi-Agent RL,False,,"[{'authorId': '1986190750', 'name': 'Phillip J. K. Christoffersen'}, {'authorId': '2281642834', 'name': 'Andreas A. Haupt'}, {'authorId': '1397904824', 'name': 'Dylan Hadfield-Menell'}]"
246,f89e027e815087b87dc780e4b9b4b27f301c0efb,Algorithmic Cooperation,True,"{'url': 'https://www.econstor.eu/bitstream/10419/300052/1/cesifo1_wp11124.pdf', 'status': None}","[{'authorId': '120177698', 'name': 'Bernhard Kasberger'}, {'authorId': '32553496', 'name': 'S. Martin'}, {'authorId': '1695691', 'name': 'Hans-Theo Normann'}, {'authorId': '91076887', 'name': 'T. Werner'}]"
247,7779bcd791cd93d3c482f488a1ab7d39bcae552d,Games of Artificial Intelligence: A Continuous-Time Approach,False,,"[{'authorId': '14084445', 'name': 'M. Banchio'}, {'authorId': '83891784', 'name': 'Giacomo Mantegazza'}]"
248,beb2bc0d3ba36b0d1a22869bc45493e0f44c6b32,"Artificial Intelligence, Algorithmic Competition and Market Structures",True,"{'url': 'https://ieeexplore.ieee.org/ielx7/6287639/9668973/09684893.pdf', 'status': None}","[{'authorId': '1410965212', 'name': 'J. Sánchez-Cartas'}, {'authorId': '1688646', 'name': 'Evangelos Katsamakas'}]"
249,f4660571c917f6b45c237ed223af8614b8f5a429,Artificial Collusion: Examining Supracompetitive Pricing by Q-Learning Algorithms,True,"{'url': 'https://research.utwente.nl/files/289647191/2022_XBoerMeylahnSchinkel_SSRN_id4213600.pdf', 'status': None}","[{'authorId': '1741088457', 'name': 'Arnoud V. den Boer'}, {'authorId': '15059072', 'name': 'J. Meylahn'}, {'authorId': '73330530', 'name': 'M. Schinkel'}]"
250,0de85d8f935813088f27ba4c830967a4e32501dd,Spooky Boundaries at a Distance: Exploring Transversality and Stability with Deep Learning,False,,"[{'authorId': '2052522912', 'name': 'M. Ebrahimi'}, {'authorId': '1393615700', 'name': 'Jesús Fernández-Villaverde'}, {'authorId': '1456071212', 'name': 'Sebastián Gómez-Cardona'}]"
251,9546a9b1e3be5a007c54d50e6546079f5fd15585,The Impact of AI Design on Pricing∗,False,,"[{'authorId': '92869129', 'name': 'John Asker'}]"
252,19f2359b6b60a2d258657c6d80f7ed925c38bc1a,"Algorithms, Artificial Intelligence and Simple Rule Based Pricing",False,,"[{'authorId': '2116723371', 'name': 'Qiaochu Wang'}, {'authorId': '144368930', 'name': 'Yan Huang'}, {'authorId': '2152498294', 'name': 'Param Vir Singh'}]"
253,6ac795311ec6a359764a4750ef6f7931a10ca293,Algorithmic Antitrust: A Critical Overview,False,,"[{'authorId': '98770182', 'name': 'C. Veljanovski'}]"
254,cdc580f5b060ec1ef442383f1be9f9ee814d65b6,Risk Aversion In Learning Algorithms and an Application To Recommendation Systems,True,"{'url': 'http://arxiv.org/pdf/2205.04619', 'status': None}","[{'authorId': '2059769656', 'name': 'A. Haupt'}, {'authorId': '153142755', 'name': 'Aroon Narayanan'}]"
255,4aaf78fcbc7758ac4a3d97d88020d14b6ef2ea6e,Steering in One Click: Platform Self-Preferencing in the Amazon Buy Box *,False,,"[{'authorId': '49895847', 'name': 'Harvard Law'}, {'authorId': '2224966515', 'name': 'Chris Adams'}, {'authorId': '3347326', 'name': 'Andrei Hagiu'}, {'authorId': '103565123', 'name': 'Doh-Shin Jeon'}, {'authorId': '102862297', 'name': 'Myrto Kalouptsidi'}, {'authorId': '11894902', 'name': 'L. Kaplow'}, {'authorId': '2224966706', 'name': 'Lina Khan'}, {'authorId': '2106297816', 'name': 'Tom Koch'}, {'authorId': '2059769656', 'name': 'A. Haupt'}, {'authorId': '14763225', 'name': 'Patrick Mcalvanah'}, {'authorId': '66860451', 'name': 'Ted Rosenbaum'}, {'authorId': '2012273', 'name': 'Marshall I. Steinbaum'}, {'authorId': '2055931955', 'name': 'David Vincent'}, {'authorId': '2224965199', 'name': 'Maggie Yellen'}, {'authorId': '2224966850', 'name': 'Nate Wilson'}]"
256,8aabaf82a141f9f8b768c177922bb6ef6d70977b,Developing a Philosophical Framework for Fair Machine Learning: The Case of Algorithmic Collusion and Market Fairness,True,"{'url': 'https://arxiv.org/pdf/2208.06308', 'status': None}","[{'authorId': '2066480559', 'name': 'James D. Michelson'}]"
257,21d948a895240c834f310e533823ec32f280a294,"ALGORITHMIC PRICING ‡ Artificial Intelligence , Algorithm Design, and Pricing †",False,,"[{'authorId': '92869129', 'name': 'John Asker'}, {'authorId': '1901447', 'name': 'C. Fershtman'}, {'authorId': '102088340', 'name': 'A. Pakes'}, {'authorId': '41048467', 'name': 'Emilio Calvano'}, {'authorId': '2286001497', 'name': 'Lorenzo Cattivelli'}, {'authorId': '2286014889', 'name': 'Masha Melkonyan'}, {'authorId': '2285999082', 'name': '†. KylieToh'}, {'authorId': '2286009724', 'name': 'Go'}]"
258,6a180f35f7b409b0550921a3dff99046a583ba00,CER-ETH – Center of Economic Research at ETH Zurich Market for Information and Selling Mechanisms,False,,"[{'authorId': '119372144', 'name': 'D. Bounie'}, {'authorId': '122154590', 'name': 'Antoine Dubus'}, {'authorId': '3107470', 'name': 'P. Waelbroeck'}]"
259,f8cd56162f9293d65b7a17f8503f2816095b030c,Dynamic Pricing and Demand Volatility: Evidence from Restaurant Food Delivery,False,,"[{'authorId': '118221958', 'name': 'A. Mackay'}, {'authorId': '2087617366', 'name': 'Dennis Svartbäck'}, {'authorId': '2060910546', 'name': 'A. G. Ekholm'}]"
260,2647fd99894cfd447781d55354c51b6fa2db3875,"Adaptive Algorithms, Tacit Collusion, and Design for Competition (cid:42)",False,,"[{'authorId': '2286277317', 'name': '†. MartinoBanchio'}, {'authorId': '83891784', 'name': 'Giacomo Mantegazza'}, {'authorId': '2260699944', 'name': 'Anirudha Balasubramanian'}, {'authorId': '2121605', 'name': 'Kostas Bimpikis'}, {'authorId': '2286243786', 'name': 'Andreas Haupt'}, {'authorId': '2286243737', 'name': 'David Kreps'}, {'authorId': '2285988532', 'name': 'Alexander MacKay'}, {'authorId': '2259638938', 'name': 'P. Milgrom'}, {'authorId': '2286242078', 'name': 'Ilan Morgenstern'}, {'authorId': '2286243706', 'name': 'Evan Munro'}, {'authorId': '2286225965', 'name': 'Andrzej Skrzypacz'}, {'authorId': '2286080605', 'name': 'Larry Wein'}, {'authorId': '2286059049', 'name': 'Kuang Xu'}]"
261,6b14d43d93d5fbf627b81ca0fd4b35a869e3e25d,Reinforcement Learning and Collusion,False,,"[{'authorId': '2189727577', 'name': 'Clemens Possnig'}]"
262,9ab756cb268700d9faab9158cec02602d591bd66,Regret Minimization with Dynamic Benchmarks in Repeated Games,True,"{'url': 'https://arxiv.org/pdf/2212.03152', 'status': None}","[{'authorId': '2193625103', 'name': 'Ludovico Crippa'}, {'authorId': '49814709', 'name': 'Y. Gur'}, {'authorId': '74319519', 'name': 'Bar Light'}]"
263,738da0b3611ef5c4ecde2e8cc81671623b7aefb7,Working paper Can the market economy deal with sustainability?,False,,"[{'authorId': '13673282', 'name': 'D. Schoenmaker'}, {'authorId': '121889353', 'name': 'H. Stegeman'}]"
264,30a6e0c5f0fe932c2387277788eeb21a7076f3f1,Competitive Algorithmic Targeting and Model Selection,False,,"[{'authorId': '144868821', 'name': 'Ganesh Iyer'}, {'authorId': '47259410', 'name': 'Tony Ke'}]"
265,0acf632260c7b6e2f4a4171430efc8c9fe5610a4,Risk aversion in learning algorithms and recommendation systems,False,,"[{'authorId': '2288552076', 'name': 'Andreas Haupt'}, {'authorId': '153142755', 'name': 'Aroon Narayanan'}]"
266,ad8a0564049b13279e14a00da1e2bbf3c055a3e8,NBER WORKING PAPER SERIES ARTIFICIAL INTELLIGENCE AND PRICING : THE IMPACT OF ALGORITHM DESIGN,False,,"[{'authorId': '92869129', 'name': 'John Asker'}]"
267,974b2454c166fb41649134090785a923b0dcdbbc,Autonomous algorithmic collusion: Economic research and policy implications,False,,"[{'authorId': '1576513236', 'name': 'Stephanie Assad'}, {'authorId': '41048467', 'name': 'Emilio Calvano'}, {'authorId': '2285724048', 'name': 'Giacomo Calzolari'}, {'authorId': '2285663609', 'name': 'Robert Clark'}, {'authorId': '2286629822', 'name': 'Vincenzo Denicolò'}, {'authorId': '2285981122', 'name': 'Daniel Ershov'}, {'authorId': '2286678408', 'name': 'Justin Pappas'}, {'authorId': '3058616', 'name': 'S. Pastorello'}, {'authorId': '2286165315', 'name': 'Andrew Rhodes'}, {'authorId': '2286517680', 'name': 'Lei Xu'}, {'authorId': '2286629822', 'name': 'Vincenzo Denicolò'}, {'authorId': '2286653007', 'name': 'Justin DanielErshov'}, {'authorId': '2286697700', 'name': 'Sergio Johnson'}, {'authorId': '2286651825', 'name': 'Pastorello Andrew'}, {'authorId': '2286630131', 'name': 'Lei Rhodes'}, {'authorId': '2286483410', 'name': 'Matthijs Xu'}, {'authorId': '2286678341', 'name': 'Wildenbeest'}, {'authorId': '2115231057', 'name': 'Justin P. Johnson'}, {'authorId': '3388492', 'name': 'M. Wildenbeest'}]"
268,0ed49a6e979098d23490f784001f34f5d7f80c6a,Algorithmic Collusion on Online Marketplaces ∗,False,,"[{'authorId': '2146460353', 'name': 'Matteo Courthoud'}]"
269,aca7ad686b67273ffc1361ea7083cf793d2e2e3e,Algorithmic Collusion Detection ∗,False,,"[{'authorId': '2146460353', 'name': 'Matteo Courthoud'}]"
270,7e3da586217262947330137b95f7f5a9798c0dfc,Behavior-Based Price Discrimination with endogenous data collection and strategic customer targeting,False,,"[{'authorId': '122154590', 'name': 'Antoine Dubus'}]"
271,ddc810387137b46fa966b01ea2d2e11607477a41,Ethics in NDE 4.0: Perspectives and Possibilities,False,,"[{'authorId': '2109455580', 'name': 'Ripi Singh'}, {'authorId': '2134429072', 'name': 'Tracie Clifford'}]"
272,3a148e6b5dd1e158866c2db7b94142b461ecaa02,How Does Zestimate Affect Housing Market Outcomes Across Socio-economic Segments?,False,,[]
273,d029ae8bdf6c359d6aa817464f03bfe2d4199e02,Algorithmic and Human Collusion,True,"{'url': 'https://www.econstor.eu/bitstream/10419/246229/1/1777327733.pdf', 'status': None}","[{'authorId': '91076887', 'name': 'T. Werner'}]"
274,a19642081c36538ab34fc107ae976b6a75ccf90f,CAMBRIDGE WORKING PAPERS IN ECONOMICS Market segmentation through information,False,,"[{'authorId': '2142415305', 'name': 'Matthew'}, {'authorId': '2082982731', 'name': 'Elliott'}, {'authorId': '2075626760', 'name': 'Andrea'}, {'authorId': '90173335', 'name': 'Galeotti'}, {'authorId': '122175564', 'name': 'Andrew'}, {'authorId': '2117405355', 'name': 'Koh'}]"
275,92da475f55941f352ed9df2f17e82726024f0a7b,Algorithms & Antitrust: an overview of EU and national case law,False,,"[{'authorId': '119678767', 'name': 'Emilie Feyler'}]"
276,f71d146aab3903f1f13bf5a9d645894d13991267,Artificial Intelligence market and capital flows-AI and the financial sector at crossroads,False,,[]
277,39bd68e1609eadfb82ee0a1ed6ee657e3efcd9b4,Staff Working Paper No. 947 Software validation and artificial intelligence in finance – a primer,False,,"[{'authorId': '118911864', 'name': 'I. Bakkar'}, {'authorId': '3000889', 'name': 'Chiranjit Chakraborty'}, {'authorId': '144922028', 'name': 'Carsten Jung'}, {'authorId': '49444240', 'name': 'M. Kwiatkowska'}, {'authorId': '2107314814', 'name': 'C. Taylor'}, {'authorId': '2283026848', 'name': 'Andreas Joseph'}, {'authorId': '2286584598', 'name': 'Misa Tanaka'}, {'authorId': '2286478389', 'name': 'Louise Eggett'}, {'authorId': '2244070506', 'name': 'Arthur Turrell'}, {'authorId': '2287814226', 'name': 'John Lewis'}, {'authorId': '2286491173', 'name': 'Andrew Nye'}, {'authorId': '2286229248', 'name': 'Khim Murphy'}, {'authorId': '2286440989', 'name': 'Alina Barnett'}, {'authorId': '2286492166', 'name': 'Gerardo Ferrara'}, {'authorId': '101306516', 'name': 'D. Bholat'}, {'authorId': '1960437', 'name': 'Marcus Buckmann'}, {'authorId': '2286211983', 'name': 'Tangy Morgan'}]"
278,6bbc58ee7475be99801ad19e560c2ad296e86603,Hybrid Collusion: Algorithmic Pricing in Human-Computer Laboratory Markets,True,"{'url': 'https://www.coll.mpg.de/pdf_dat/2021_11online.pdf', 'status': None}","[{'authorId': '2111319151', 'name': 'Martin Sternberg'}, {'authorId': '1695691', 'name': 'Hans-Theo Normann'}]"
279,7a9616f1b245b2558121e28d5accee3c06e430cc,Tacit collusion and capacity constraints,False,,"[{'authorId': '107900290', 'name': 'Leonardo Madio'}, {'authorId': '120764866', 'name': 'Aldo Pignataro'}]"
280,2480e4b1d2ca8a508d1ddea4389a8325c2935b38,Thank you for your interest in this ECLAC publication,False,,"[{'authorId': '8141074', 'name': 'D. Titelman'}, {'authorId': '2244187177', 'name': 'Fabio Bertranou'}, {'authorId': '2244185553', 'name': 'Gerhard Reinecke'}, {'authorId': '2095836382', 'name': 'Sonia Gontero'}, {'authorId': '2244184936', 'name': 'Juan Jacobo Velasco'}, {'authorId': '117576512', 'name': 'Claudio Aravena'}]"
281,716ffdc23e36748f66e8e481077f2e9004150748,Tacit collusion with deep multi-agent reinforcement learning,False,,"[{'authorId': '2083715592', 'name': 'Filip Mellgren'}, {'authorId': '2287486017', 'name': 'Kelly Ragan'}]"
282,1f422f8c8d1170cc013b08ad7ceeba61e5864a9d,Algorithms & Competition Law: An interview about EU and national case law,False,,"[{'authorId': '101110597', 'name': 'Thibault Schrepel'}, {'authorId': '52321914', 'name': 'M. Gal'}, {'authorId': '2299955902', 'name': 'Concurrences'}]"
283,49903b12e6f54e9c973c971ee2667c01be0be4ad,Monitoring FICC markets and the impact of machine learning,False,,[]
284,6189112ee4ae97862fc6e67515260ef7910b3e39,Third Party Pricing Algorithms and the Intensity of Competition,False,,"[{'authorId': '1741270663', 'name': 'Joseph E. Harrington Jr'}]"
285,2974b4f4ce3475cbe85635c7a99969afd4d06794,Impact Assessment of a New Competition Tool,False,,"[{'authorId': '47280790', 'name': 'Massimo Motta'}, {'authorId': '2905541', 'name': 'M. Peitz'}]"
286,31a9261134379106f9a444615ca71233731b7bb1,"Algorithm-driven economy, oligopolio e collusione",False,,"[{'authorId': '2138560047', 'name': 'Giovanni Basini'}]"
287,71f9fab51cfb54a5ed01c640b0d5feab3414d08f,What Can Get Wrong?,False,,"[{'authorId': '143624703', 'name': 'M. Kovač'}]"
288,9938238ac74bfaa3bc2dfdd6f621c02cf4e5eac8,Algorithmic Tacit Collusion Is A Limited Threat To Competition,False,,"[{'authorId': '94137036', 'name': 'Ai Deng'}]"
289,a412c1f9d2d137ad4ce736749e2b13d2c55fd31f,Like it or not? The impact of online platforms on the productivity of incumbent service,False,,"[{'authorId': '1394485146', 'name': 'Alberto Bailin Rivares'}, {'authorId': '153933003', 'name': 'P. Gal'}, {'authorId': '97952439', 'name': 'V. Millot'}, {'authorId': '74579894', 'name': 'Stéphane Sorbe'}]"
290,9d2889851e0697b9c76081804001be71a01343ee,PRICING ALGORITHMS: IMPLICATIONS FOR COMPETITION,False,,"[{'authorId': '143867562', 'name': 'P. Torino'}, {'authorId': '17314810', 'name': 'Simone Sassetti'}]"
291,4fe5e99219f9af61dfc94b2e986b879885732585,Linking Algorithms to Static and Dynamic pricing: theory and evidence∗,False,,"[{'authorId': '7443883', 'name': 'C. Piga'}, {'authorId': '46214966', 'name': 'Marco Alderighi'}, {'authorId': '66855007', 'name': 'Alberto A. Gaggero'}]"
292,c3af97bb3b849264b7902ada19422d658dcb8f1f,Artiﬁcial intelligence: Can seemingly collusive outcomes be avoided? ∗,False,,"[{'authorId': '2286107150', 'name': '†. IbrahimAbada'}, {'authorId': '2286120828', 'name': '‡. XavierLambin'}]"
293,f992b47f1b54f53d9f96b384afe914c7d8e00585,Algorithm Design Meets Information Design: Price Recommendation Algorithms on Online Platforms,False,,"[{'authorId': '2319485552', 'name': 'Nathaniel Hickok'}, {'authorId': '1701232797', 'name': 'Anne Carlstein'}, {'authorId': '2319489596', 'name': 'Stephen Morris'}, {'authorId': '153142755', 'name': 'Aroon Narayanan'}, {'authorId': '2319485708', 'name': 'Vincent Rollet'}, {'authorId': '1396080021', 'name': 'Kartik Vira'}, {'authorId': '2241763616', 'name': 'Michael Whinston'}]"
294,f80f9177df9617c2eba28484e438830882e10463,Algorithmic Collusion: Competition Implications and Anticompetitive Evidence in Brazil,False,,"[{'authorId': '2055675327', 'name': 'G. Resende'}]"
295,684ed55a1ba0da0ff13af6508f681edd6d61e758,The emerging threat of arti�cial intelligence on competition in liberalized electricity markets: A deep Q-network approach,False,,"[{'authorId': '49293775', 'name': 'Danial Esmaeili Aliabadi'}, {'authorId': '2261103180', 'name': 'Katrina Chan'}, {'authorId': '2261046449', 'name': 'Esmaeili Aliabadi'}, {'authorId': '2261043924', 'name': 'Chan Research'}]"
296,515fb95db6cf18656c14b60b7b30402f6c0cb1e5,LEMLEM W ORKING P APER S ERIES,False,,"[{'authorId': '2273956147', 'name': 'Lemlem'}, {'authorId': '101638000', 'name': 'Flavio Calvino'}, {'authorId': '2126098710', 'name': 'Luca Fontanelli'}, {'authorId': '2274136422', 'name': 'Simone Alfarano'}, {'authorId': '2239929320', 'name': 'Erik Brynjolfsson'}, {'authorId': '2266917191', 'name': 'G. Dosi'}, {'authorId': '4624373', 'name': 'Flora Bellone'}, {'authorId': '2274130779', 'name': 'Chiara Criscuolo'}, {'authorId': '2274130449', 'name': 'Timothy DeStefano'}, {'authorId': '66198939', 'name': 'Marco Grazzi'}, {'authorId': '70149170', 'name': 'M. Guerini'}, {'authorId': '2274136626', 'name': 'Francesco Manaresi'}, {'authorId': '2274133531', 'name': 'Luca Marcolin'}, {'authorId': '2483782', 'name': 'M. Napoletano'}, {'authorId': '98193334', 'name': 'L. Nesta'}, {'authorId': '114125329', 'name': 'Ariell Reshef'}, {'authorId': '144148548', 'name': 'Daniel Rock'}, {'authorId': '48574808', 'name': 'A. Secchi'}, {'authorId': '2273957460', 'name': 'Federico Tamagni'}, {'authorId': '12083161', 'name': 'Daniel Trefler'}, {'authorId': '2269348837', 'name': 'Elena Verdolini'}, {'authorId': '98571760', 'name': 'F. Warzynski'}]"
297,741b27bc6dc2447bdb8ccd99921e2ad31037f787,Precision-Recall Tradeoff in Algorithmic Targeting,False,,"[{'authorId': '2292056435', 'name': 'Ganesh Iyer'}, {'authorId': '2292078513', 'name': 'Jesse Yao'}, {'authorId': '2292145284', 'name': 'Zachary Zhong'}]"
298,44025decd48a33a3ba3814c6dd2a7cded93464c6,Dynamic Price Competition: Theory and Evidence from Airline Markets Preliminary — please do not post or distribute *,False,,"[{'authorId': '2097768', 'name': 'Ali Hortaçsu'}, {'authorId': '2299868475', 'name': '†. KevinR.Williams'}]"
299,b4b74984794f24b9631174f3b8f39eb2963e0a33,BIS Working Papers,False,,"[{'authorId': '119396654', 'name': 'Iñaki Aldasoro'}, {'authorId': '88060271', 'name': 'L. Gambacorta'}, {'authorId': '2258659778', 'name': 'Anton Korinek'}, {'authorId': '134850680', 'name': 'Vatsala Shreeti'}, {'authorId': '2312067569', 'name': 'Merlin Stein'}, {'authorId': '2312065342', 'name': 'Bis L Gambacorta'}, {'authorId': '2312066427', 'name': 'Bis M Stein'}, {'authorId': '2281846790', 'name': 'Douglas Araujo'}, {'authorId': '2304482463', 'name': 'Fernando Perez-Cruz'}, {'authorId': '2312065361', 'name': 'Fabiana Sabatini'}, {'authorId': '2312066959', 'name': 'David Stankiewicz'}, {'authorId': '2312066458', 'name': 'Andrew Sutton'}]"
300,84393093e9e297db979860c5d9cc3aa2d79593c8,Competition in Pricing Algorithms,False,,"[{'authorId': '41048467', 'name': 'Emilio Calvano'}, {'authorId': '2285724048', 'name': 'Giacomo Calzolari'}, {'authorId': '2321460017', 'name': 'Matt Grennan'}, {'authorId': '2321459929', 'name': 'George Hay'}, {'authorId': '2321460920', 'name': 'Scott Kominers'}, {'authorId': '2321459990', 'name': 'Gregor Langus'}, {'authorId': '2321483382', 'name': 'Fernando Luco'}, {'authorId': '2321579221', 'name': 'Nate Miller'}, {'authorId': '2321461488', 'name': 'Marc Rysman'}, {'authorId': '2240802335', 'name': 'Michael Sinkinson'}, {'authorId': '2321461482', 'name': 'Konrad Stahl'}, {'authorId': '2321460316', 'name': 'Ralph Winter'}]"
301,5e650f27ee64e96683372d6383cfd4b5eaefef01,Algorithmic Coercion with Faster Pricing *,False,,"[{'authorId': '2326232372', 'name': 'Zach Y. Brown'}, {'authorId': '2326213004', 'name': 'Alexander MacKay'}]"
302,dd92b49436b3df186ff4f049adafcd211aa432c0,Algorithmic Price Discrimination and Consumer Protection,False,,"[{'authorId': '2036573749', 'name': 'M. Grochowski'}, {'authorId': '50663894', 'name': 'A. Jabłonowska'}, {'authorId': '26333465', 'name': 'F. Lagioia'}, {'authorId': '2238213336', 'name': 'Giovanni Sartor'}, {'authorId': '2327350972', 'name': 'John D. Sutter'}]"
303,6385046f496b0a55d51d0a40211e2ec792046180,Adversarial audit of ride-hailing platforms,False,,[]
